1B,32B,1024B
0.5763810276985168,0.27428901195526123,0.1650809943675995
0.3196299970149994,0.14624199271202087,0.14191199839115143
0.19158199429512024,0.1497879922389984,0.13707700371742249
0.177606001496315,0.1458590030670166,0.14649799466133118
0.16131700575351715,0.14020100235939026,0.21718500554561615
0.16502200067043304,0.14485900104045868,0.137937992811203
0.16556400060653687,0.10000000149011612,0.13767899572849274
0.16455300152301788,0.13341200351715088,0.13921299576759338
0.16694599390029907,0.1440960019826889,0.15182499587535858
0.16286499798297882,0.1375730037689209,0.1627890020608902
0.1591939926147461,0.1510699987411499,0.14357300102710724
0.16206200420856476,0.13811799883842468,0.13760699331760406
0.16317899525165558,0.14573299884796143,0.15361599624156952
0.19505999982357025,0.14270900189876556,0.147024005651474
0.16446100175380707,0.14525699615478516,0.15731500089168549
0.16363400220870972,0.13604700565338135,0.1381939947605133
0.17186400294303894,0.14011399447917938,0.1516599953174591
0.31072598695755005,0.14415599405765533,0.1542540043592453
0.18264299631118774,0.14458200335502625,0.1462319940328598
0.1667580008506775,0.143219992518425,0.14358100295066833
0.17340399324893951,0.13545599579811096,0.14032599329948425
0.16321000456809998,0.136013001203537,0.13837400078773499
0.16046099364757538,0.14629200100898743,0.13552799820899963
0.15998700261116028,0.13832899928092957,0.1401289999485016
0.2278739959001541,0.13736699521541595,0.1577650010585785
0.18978099524974823,0.1367429941892624,0.13717499375343323
0.1691180020570755,0.14280599355697632,0.13762199878692627
0.17354799807071686,0.14438499510288239,0.1342729926109314
0.1680240035057068,0.1453700065612793,0.16020600497722626
0.16276299953460693,0.13323800265789032,0.14873600006103516
0.1622460037469864,0.14191800355911255,0.13674600422382355
0.15922200679779053,0.14027999341487885,0.15230700373649597
0.16208399832248688,0.14437000453472137,0.19177399575710297
0.160289004445076,0.13376499712467194,0.1344899982213974
0.15930800139904022,0.1381250023841858,0.13547100126743317
0.15136399865150452,0.14850999414920807,0.13885900378227234
0.16072799265384674,0.13662199676036835,0.13914799690246582
0.1616310030221939,0.14369000494480133,0.13756300508975983
0.1663070023059845,0.1349630057811737,0.13451699912548065
0.157150000333786,0.12507300078868866,0.13867400586605072
0.1621840000152588,0.13351599872112274,0.13570399582386017
0.19895699620246887,0.14510799944400787,0.13695299625396729
0.17105799913406372,0.1376439929008484,0.13751299679279327
0.1793929934501648,0.13644899427890778,0.13708500564098358
0.17712299525737762,0.14367400109767914,0.1460849940776825
0.1737709939479828,0.13623499870300293,0.15624399483203888
0.16586799919605255,0.14425799250602722,0.13785900175571442
0.15885299444198608,0.1412460058927536,0.19006800651550293
0.17242099344730377,0.13836999237537384,0.15941999852657318
0.16426199674606323,0.14639300107955933,0.13415899872779846
0.25025999546051025,0.14379900693893433,0.1443289965391159
0.16441099345684052,0.1461150050163269,0.13935799896717072
0.1800449937582016,0.1377909928560257,0.15688499808311462
0.17138700187206268,0.14643099904060364,0.13851599395275116
0.15659500658512115,0.14219699800014496,0.13845700025558472
0.15282200276851654,0.14318199455738068,0.13881699740886688
0.15035900473594666,0.1355469971895218,0.13995200395584106
0.1534470021724701,0.13736599683761597,0.14154300093650818
0.14956699311733246,0.14609600603580475,0.1372459977865219
0.1656779944896698,0.15144599974155426,0.13022300601005554
0.15490299463272095,0.14470799267292023,0.15857799351215363
0.15027399361133575,0.13325299322605133,0.15054400265216827
0.16786199808120728,0.14353999495506287,0.13833199441432953
0.15404300391674042,0.14397600293159485,0.13276800513267517
0.15639999508857727,0.1445930004119873,0.13912199437618256
0.16816399991512299,0.1337909996509552,0.1337050050497055
0.1582760065793991,0.1433209925889969,0.135125994682312
0.15225400030612946,0.1426749974489212,0.1343279927968979
0.15398499369621277,0.1545020043849945,0.13799400627613068
0.1494400054216385,0.14306500554084778,0.1366329938173294
0.18347400426864624,0.1343809962272644,0.13539999723434448
0.15234200656414032,0.12734699249267578,0.13539700210094452
0.1490049958229065,0.13933199644088745,0.15405899286270142
0.1589130014181137,0.14433600008487701,0.16526199877262115
0.198512002825737,0.16569800674915314,0.2097419947385788
0.13563400506973267,0.13825400173664093,0.15035100281238556
0.14702099561691284,0.14918699860572815,0.14530999958515167
0.14719200134277344,0.14176900684833527,0.15207700431346893
0.13940000534057617,0.14438900351524353,0.1387230008840561
0.1474989950656891,0.1391409933567047,0.14178000390529633
0.1425119936466217,0.14673100411891937,0.13764899969100952
0.14441099762916565,0.14030200242996216,0.1379300057888031
0.149167001247406,0.1483519971370697,0.14106999337673187
0.14553499221801758,0.12365499883890152,0.13955499231815338
0.13922899961471558,0.13728299736976624,0.13834699988365173
0.140952005982399,0.13853900134563446,0.14123499393463135
0.14855800569057465,0.20689499378204346,0.135576993227005
0.14755800366401672,0.15465299785137177,0.13893799483776093
0.14792700111865997,0.17156699299812317,0.1484609991312027
0.13813500106334686,0.13714499771595,0.16067299246788025
0.1446020007133484,0.14318199455738068,0.13706499338150024
0.14677099883556366,0.14381800591945648,0.1383100003004074
0.1483049988746643,0.1298920065164566,0.16617199778556824
0.14595000445842743,0.1399960070848465,0.1476300060749054
0.146137997508049,0.14047199487686157,0.14071600139141083
0.14678099751472473,0.14235900342464447,0.13903599977493286
0.14918899536132812,0.12365899980068207,0.15755100548267365
0.163099005818367,0.1511790007352829,0.1464190036058426
0.12085100263357162,0.13542599976062775,0.13453899323940277
0.13211800158023834,0.14773599803447723,0.1399109959602356
0.1460990011692047,0.13624300062656403,0.14651000499725342
0.1520400047302246,0.13479800522327423,0.1394529938697815
0.13589699566364288,0.14292599260807037,0.14079900085926056
0.14350999891757965,0.1484149992465973,0.13460299372673035
0.1445620059967041,0.14441600441932678,0.1592389941215515
0.1411059945821762,0.1371379941701889,0.14761799573898315
0.15061800181865692,0.1425500065088272,0.14246399700641632
0.13559599220752716,0.1386220008134842,0.13621999323368073
0.15834200382232666,0.15822400152683258,0.1472190022468567
0.1412619948387146,0.14338600635528564,0.1557839959859848
0.14011000096797943,0.11986199766397476,0.13885599374771118
0.13433200120925903,0.14157800376415253,0.13826799392700195
0.14378400146961212,0.13837400078773499,0.14236299693584442
0.14138899743556976,0.14267399907112122,0.13739299774169922
0.12003099918365479,0.14146000146865845,0.1400430053472519
0.13868600130081177,0.13721999526023865,0.14321300387382507
0.13732899725437164,0.1498589962720871,0.1444229930639267
0.14152400195598602,0.14345300197601318,0.1485300064086914
0.1419149935245514,0.16119399666786194,0.13651999831199646
0.1416970044374466,0.13504299521446228,0.13077199459075928
0.11487700045108795,0.1372079998254776,0.1380160003900528
0.14421199262142181,0.14487800002098083,0.14028400182724
0.1434520035982132,0.14634500443935394,0.14109599590301514
0.14098000526428223,0.12516699731349945,0.14131799340248108
0.14170099794864655,0.11088400334119797,0.14461499452590942
0.14449800550937653,0.13530999422073364,0.1605059951543808
0.1435990035533905,0.13755400478839874,0.14100900292396545
0.15734100341796875,0.13455000519752502,0.13883699476718903
0.16989299654960632,0.14072300493717194,0.13938100636005402
0.14451299607753754,0.12084700167179108,0.13749000430107117
0.11353399604558945,0.1334560066461563,0.14270499348640442
0.1401519924402237,0.14168599247932434,0.14141200482845306
0.14120900630950928,0.12427499890327454,0.12977199256420135
0.14139999449253082,0.1392579972743988,0.14462199807167053
0.15265299379825592,0.14063400030136108,0.1419530063867569
0.14626100659370422,0.09931600093841553,0.13945399224758148
0.11852400004863739,0.11618199944496155,0.13838499784469604
0.14297500252723694,0.1380549967288971,0.13936300575733185
0.13973499834537506,0.13257700204849243,0.14109200239181519
0.1410049945116043,0.137704998254776,0.13902799785137177
0.1472799926996231,0.14201299846172333,0.2023949921131134
0.1423410028219223,0.12599800527095795,0.14146099984645844
0.14197200536727905,0.13359199464321136,0.1374789923429489
0.14286300539970398,0.1419070065021515,0.1389160007238388
0.14633700251579285,0.14824700355529785,0.15308499336242676
0.13748699426651,0.13715599477291107,0.13515199720859528
0.14234399795532227,0.14405499398708344,0.14187400043010712
0.14364099502563477,0.1425579935312271,0.14313699305057526
0.14412899315357208,0.13918200135231018,0.13915999233722687
0.14504699409008026,0.14395999908447266,0.12938900291919708
0.1359969973564148,0.1327340006828308,0.13448600471019745
0.14291900396347046,0.13417799770832062,0.14866399765014648
0.14926600456237793,0.14273899793624878,0.13986800611019135
0.14167499542236328,0.1433209925889969,0.14114099740982056
0.1149820014834404,0.13270500302314758,0.13787700235843658
0.13880999386310577,0.1443060040473938,0.13795700669288635
0.14417900145053864,0.1002340018749237,0.15320099890232086
0.14338499307632446,0.13289600610733032,0.14976899325847626
0.1428699940443039,0.14249899983406067,0.1350090056657791
0.13599400222301483,0.1262200027704239,0.13915999233722687
0.14815300703048706,0.14016400277614594,0.1409980058670044
0.15523900091648102,0.14290399849414825,0.13583600521087646
0.14306600391864777,0.13995300233364105,0.13633599877357483
0.1445930004119873,0.13278700411319733,0.13194899260997772
0.14445699751377106,0.14144599437713623,0.13426199555397034
0.14291499555110931,0.11235000193119049,0.14139600098133087
0.14191199839115143,0.1561489999294281,0.13471199572086334
0.14331799745559692,0.13942599296569824,0.12993299961090088
0.1373549997806549,0.12318900227546692,0.15758900344371796
0.14270199835300446,0.1395760029554367,0.15617099404335022
0.14141899347305298,0.1423259973526001,0.18491999804973602
0.14331699907779694,0.10799799859523773,0.1360580027103424
0.13971999287605286,0.12182900309562683,0.15490099787712097
0.14456599950790405,0.14723199605941772,0.14922000467777252
0.14157000184059143,0.14190399646759033,0.1401519924402237
0.14065200090408325,0.14609600603580475,0.13288499414920807
0.14623099565505981,0.14130699634552002,0.14015600085258484
0.13725300133228302,0.14528800547122955,0.13374200463294983
0.1411529928445816,0.14146099984645844,0.20358699560165405
0.1421400010585785,0.14248700439929962,0.13639600574970245
0.14467500150203705,0.14080999791622162,0.13858400285243988
0.11517000198364258,0.1343960016965866,0.1502539962530136
0.13920900225639343,0.14260299503803253,0.12690800428390503
0.13894499838352203,0.10793700069189072,0.1420920044183731
0.1446560025215149,0.12996000051498413,0.19876299798488617
0.14270000159740448,0.12312900274991989,0.13795700669288635
0.11339099705219269,0.13606500625610352,0.1417129933834076
0.13398300111293793,0.14450199902057648,0.1342570036649704
0.1184139996767044,0.14724700152873993,0.14650599658489227
0.14088599383831024,0.2205210030078888,0.16277000308036804
0.13586999475955963,0.1339299976825714,0.1409980058670044
0.14248600602149963,0.10085800290107727,0.14343099296092987
0.14267799258232117,0.1314300000667572,0.14176900684833527
0.14283999800682068,0.13855800032615662,0.13909299671649933
0.14422699809074402,0.13277600705623627,0.13945700228214264
0.13653899729251862,0.14295700192451477,0.1431560069322586
0.1437540054321289,0.14267799258232117,0.14204999804496765
0.14291200041770935,0.14324599504470825,0.14253200590610504
0.14464500546455383,0.14463700354099274,0.15015600621700287
0.13843399286270142,0.1356399953365326,0.13845700025558472
0.1412460058927536,0.14361900091171265,0.14194099605083466
0.14270099997520447,0.10315399616956711,0.17726700007915497
0.14333300292491913,0.164341002702713,0.14212200045585632
0.14070899784564972,0.10028299689292908,0.13038800656795502
0.13781000673770905,0.1300020068883896,0.15169499814510345
0.14391599595546722,0.14209100604057312,0.160630002617836
0.14088599383831024,0.1428699940443039,0.1372459977865219
0.14155800640583038,0.1003350019454956,0.13681800663471222
0.13778799772262573,0.16436000168323517,0.14016300439834595
0.1432580053806305,0.1369979977607727,0.14027999341487885
0.14205799996852875,0.14268900454044342,0.1417350023984909
0.13903899490833282,0.14614799618721008,0.13616600632667542
0.1416109949350357,0.1347309947013855,0.1377680003643036
0.135110005736351,0.10405699908733368,0.1404310017824173
0.14362700283527374,0.13161799311637878,0.1368359923362732
0.14721299707889557,0.14009200036525726,0.14278000593185425
0.1442980021238327,0.13156600296497345,0.19653399288654327
0.13692699372768402,0.14472000300884247,0.13617099821567535
0.1433890014886856,0.11034300178289413,0.14255400002002716
0.1424340009689331,0.130171000957489,0.1354600042104721
0.14427199959754944,0.14114099740982056,0.15668700635433197
0.14243799448013306,0.1366109997034073,0.14640800654888153
0.13579799234867096,0.13665199279785156,0.14289599657058716
0.14394600689411163,0.146915003657341,0.13818199932575226
0.14254699647426605,0.1433510035276413,0.1376670002937317
0.14248700439929962,0.13683700561523438,0.14098599553108215
0.1372459977865219,0.13911399245262146,0.14318600296974182
0.14165599644184113,0.1356479972600937,0.13626499474048615
0.1612280011177063,0.14331400394439697,0.1386370062828064
0.1453929990530014,0.14311499893665314,0.1405619978904724
0.14962999522686005,0.13432499766349792,0.14290499687194824
0.15110699832439423,0.13367800414562225,0.1366889923810959
0.14643000066280365,0.1419299989938736,0.13533000648021698
0.15487399697303772,0.14405100047588348,0.14775000512599945
0.14397600293159485,0.13567900657653809,0.15360300242900848
0.14685200154781342,0.1410840004682541,0.153562992811203
0.13956999778747559,0.15045000612735748,0.18568800389766693
0.14117500185966492,0.1386139988899231,0.143544003367424
0.14234399795532227,0.14213399589061737,0.1370059996843338
0.1421000063419342,0.13784100115299225,0.1383890062570572
0.13736200332641602,0.1596830040216446,0.1303579956293106
0.14267900586128235,0.14438900351524353,0.14831100404262543
0.14303499460220337,0.14636099338531494,0.1368740051984787
0.1426520049571991,0.13343800604343414,0.1485220044851303
0.14450599253177643,0.1392650008201599,0.13871599733829498
0.14295700192451477,0.14215999841690063,0.13613000512123108
0.15115000307559967,0.14854300022125244,0.13668200373649597
0.14049799740314484,0.14402100443840027,0.1597840040922165
0.14694499969482422,0.10041400045156479,0.15368300676345825
0.14697599411010742,0.13213300704956055,0.135793998837471
0.15257300436496735,0.14129500091075897,0.13989299535751343
0.1443209946155548,0.14272800087928772,0.14892299473285675
0.13114799559116364,0.1355849951505661,0.1519870012998581
0.14957700669765472,0.14241500198841095,0.13494500517845154
0.1400049924850464,0.14311100542545319,0.1348479986190796
0.3410100042819977,0.14155800640583038,0.1405320018529892
0.21999399363994598,0.14318600296974182,0.14066000282764435
0.16698400676250458,0.13429899513721466,0.1365319937467575
0.1664610058069229,0.14792600274085999,0.1342950016260147
0.1463029980659485,0.14656199514865875,0.1433510035276413
0.14186599850654602,0.15454700589179993,0.14000900089740753
0.14802899956703186,0.138032004237175,0.2272460013628006
0.14799100160598755,0.11413499712944031,0.1366409957408905
0.13833299279212952,0.10792200267314911,0.1707330048084259
0.1491979956626892,0.13494199514389038,0.14602400362491608
0.16202899813652039,0.1539909988641739,0.13938899338245392
0.14093400537967682,0.1389160007238388,0.13754700124263763
0.15507100522518158,0.13547199964523315,0.13713699579238892
0.11270000040531158,0.1383029967546463,0.14109200239181519
0.13606899976730347,0.1377979964017868,0.13538099825382233
0.14283999800682068,0.13733600080013275,0.14505800604820251
0.13365599513053894,0.14190399646759033,0.14020800590515137
0.13999100029468536,0.14415299892425537,0.14327700436115265
0.14060699939727783,0.14169299602508545,0.14187799394130707
0.1454239934682846,0.1440500020980835,0.14041100442409515
0.1322460025548935,0.13338400423526764,0.1305689960718155
0.1350879967212677,0.14114800095558167,0.14127999544143677
0.1497350037097931,0.1436299979686737,0.14254699647426605
0.1356939971446991,0.1421860009431839,0.2651650011539459
0.13371600210666656,0.13343000411987305,0.13694900274276733
0.1356229931116104,0.1378059983253479,0.136230006814003
0.13376499712467194,0.15281499922275543,0.15490800142288208
0.13441099226474762,0.14404000341892242,0.14441199600696564
0.13412900269031525,0.14782500267028809,0.1510619968175888
0.1098800003528595,0.13647499680519104,0.1381330043077469
0.1312759965658188,0.14395000040531158,0.14171600341796875
0.13893499970436096,0.15183299779891968,0.20164300501346588
0.1326970010995865,0.14863699674606323,0.1408810019493103
0.13493700325489044,0.13593000173568726,0.14426200091838837
0.14836299419403076,0.10821899771690369,0.1353210061788559
0.1505579948425293,0.13422000408172607,0.1409830003976822
0.14635899662971497,0.14530999958515167,0.13781000673770905
0.14512600004673004,0.14286699891090393,0.14054299890995026
0.14089299738407135,0.1375799924135208,0.13059499859809875
0.13436999917030334,0.14373500645160675,0.14096400141716003
0.1359899938106537,0.13565599918365479,0.19452999532222748
0.1420920044183731,0.1446560025215149,0.14108100533485413
0.13802799582481384,0.13636299967765808,0.13702799379825592
0.15743200480937958,0.16021600365638733,0.13967399299144745
0.13330599665641785,0.1410049945116043,0.21050900220870972
0.14321200549602509,0.14524999260902405,0.13984400033950806
0.1470090001821518,0.1434040069580078,0.13998599350452423
0.1439869999885559,0.13671599328517914,0.14356599748134613
0.13404299318790436,0.1432269960641861,0.1413629949092865
0.11186499893665314,0.14391900599002838,0.20532499253749847
0.13756200671195984,0.1566150039434433,0.133433997631073
0.13637800514698029,0.1359120011329651,0.1461939960718155
0.1397310048341751,0.13464799523353577,0.1369829922914505
0.13712599873542786,0.14108100533485413,0.157833993434906
0.14755100011825562,0.1443600058555603,0.1405469924211502
0.1400279998779297,0.14079900085926056,0.13277000188827515
0.1438329964876175,0.1348779946565628,0.15653599798679352
0.1347610056400299,0.146697998046875,0.151201993227005
0.15018199384212494,0.14115600287914276,0.1341629922389984
0.14479899406433105,0.1420390009880066,0.14589299261569977
0.14768600463867188,0.13990700244903564,0.13971200585365295
0.13721899688243866,0.14492300152778625,0.14105500280857086
0.13445299863815308,0.14316000044345856,0.13920900225639343
0.11934399604797363,0.14711900055408478,0.13075600564479828
0.14533700048923492,0.13867099583148956,0.14316000044345856
0.1455879956483841,0.13294899463653564,0.14088499546051025
0.1455329954624176,0.14778000116348267,0.14125299453735352
0.1335279941558838,0.14444200694561005,0.14626599848270416
0.14357399940490723,0.14328399300575256,0.13940300047397614
0.1449420005083084,0.1331000030040741,0.13976900279521942
0.14188499748706818,0.13665199279785156,0.1381630003452301
0.13277600705623627,0.10970000177621841,0.13728000223636627
0.14044900238513947,0.12944400310516357,0.15074600279331207
0.14345599710941315,0.15370500087738037,0.1375429928302765
0.1426820009946823,0.13665999472141266,0.14106200635433197
0.1500059962272644,0.11241000145673752,0.1440349966287613
0.13478000462055206,0.12996800243854523,0.1464419960975647
0.14910699427127838,0.13933999836444855,0.13797900080680847
0.14259999990463257,0.13428400456905365,0.14830300211906433
0.1430779993534088,0.14573900401592255,0.13915200531482697
0.1335570067167282,0.14234399795532227,0.13967899978160858
0.1379300057888031,0.14533700048923492,0.1550700068473816
0.13983599841594696,0.13884399831295013,0.14065200090408325
0.15749900043010712,0.13491499423980713,0.14059500396251678
0.13465599715709686,0.14568999409675598,0.14193899929523468
0.14211900532245636,0.13498200476169586,0.1369680017232895
0.11097799986600876,0.15017199516296387,0.13902799785137177
0.20587700605392456,0.13937799632549286,0.14065200090408325
0.14948299527168274,0.14901700615882874,0.16740599274635315
0.14899799227714539,0.14400599896907806,0.1385509967803955
0.1359190046787262,0.14616400003433228,0.14007699489593506
0.14341199398040771,0.14796499907970428,0.14334799349308014
0.14391900599002838,0.14813800156116486,0.14059899747371674
0.1416819989681244,0.1431189924478531,0.1351740062236786
0.13829900324344635,0.14983700215816498,0.13597899675369263
0.14397700130939484,0.1455879956483841,0.1514420062303543
0.14115600287914276,0.14590799808502197,0.13938899338245392
0.1461929976940155,0.1427460014820099,0.14284400641918182
0.13723799586296082,0.14035199582576752,0.13401000201702118
0.13557299971580505,0.13817399740219116,0.13953499495983124
0.1449729949235916,0.14485499262809753,0.138046994805336
0.14527399837970734,0.13412900269031525,0.14257299900054932
0.14317099750041962,0.14594599604606628,0.2039330005645752
0.14473100006580353,0.1440020054578781,0.12862199544906616
0.13490699231624603,0.1422879993915558,0.18024000525474548
0.14684399962425232,0.13287000358104706,0.14190000295639038
0.14365999400615692,0.14313000440597534,0.13797499239444733
0.11962500214576721,0.1452459990978241,0.13103100657463074
0.16378499567508698,0.13892999291419983,0.13810700178146362
0.14597100019454956,0.14333699643611908,0.13958099484443665
0.13836200535297394,0.13652099668979645,0.13886599242687225
0.15266799926757812,0.14318600296974182,0.13989999890327454
0.153096005320549,0.13938899338245392,0.1367489993572235
0.13825300335884094,0.13447099924087524,0.13970500230789185
0.14569300413131714,0.21129000186920166,0.13959600031375885
0.1444299966096878,0.19093599915504456,0.1396780014038086
0.1769459992647171,0.15004000067710876,0.13900600373744965
0.1354449987411499,0.10377399623394012,0.14058899879455566
0.14327700436115265,0.14035500586032867,0.14309599995613098
0.14474600553512573,0.14076100289821625,0.14267200231552124
0.143669992685318,0.14698000252246857,0.19413599371910095
0.1391250044107437,0.1402910053730011,0.14119300246238708
0.1420540064573288,0.13525399565696716,0.14816099405288696
0.14470799267292023,0.1412689983844757,0.14169800281524658
0.14299100637435913,0.1382800042629242,0.14441600441932678
0.1394830048084259,0.14358100295066833,0.13342300057411194
0.13492999970912933,0.14381100237369537,0.13987800478935242
0.13609899580478668,0.13408799469470978,0.14165200293064117
0.2061389982700348,0.14484000205993652,0.14197200536727905
0.14888900518417358,0.14151600003242493,0.14298300445079803
0.14812999963760376,0.15530699491500854,0.1360280066728592
0.1397390067577362,0.13513700664043427,0.1406410038471222
0.14543800055980682,0.1152229979634285,0.14284799993038177
0.15052500367164612,0.13075299561023712,0.141743004322052
0.15694600343704224,0.1413850039243698,0.14286699891090393
0.14323300123214722,0.1376670002937317,0.14107699692249298
0.13295599818229675,0.1359120011329651,0.14775000512599945
0.1384900063276291,0.14524999260902405,0.15731799602508545
0.13621200621128082,0.1405249983072281,0.13056199252605438
0.14129099249839783,0.14233599603176117,0.13752399384975433
0.13660399615764618,0.13511799275875092,0.13971999287605286
0.1394049972295761,0.10215800255537033,0.14240799844264984
0.15262700617313385,0.1333169937133789,0.22767099738121033
0.14166399836540222,0.1425810009241104,0.14261099696159363
0.1418289989233017,0.1100040003657341,0.14528800547122955
0.1450510025024414,0.16034099459648132,0.137581005692482
0.14392299950122833,0.13813699781894684,0.13870100677013397
0.10357099771499634,0.14389599859714508,0.13075000047683716
0.12998299300670624,0.14380699396133423,0.1470550000667572
0.14200900495052338,0.13386599719524384,0.13882499933242798
0.1353140026330948,0.10986500233411789,0.14123199880123138
0.10844799876213074,0.1313440054655075,0.1603820025920868
0.12889200448989868,0.13947099447250366,0.13843399286270142
0.14273600280284882,0.14439299702644348,0.14015600085258484
0.13475699722766876,0.14203499257564545,0.15831099450588226
0.10837999731302261,0.14254599809646606,0.14258800446987152
0.12865200638771057,0.14541999995708466,0.13718600571155548
0.14039699733257294,0.1423249989748001,0.14144200086593628
0.13644899427890778,0.13519300520420074,0.14615200459957123
0.10199599713087082,0.14238600432872772,0.13865600526332855
0.12812499701976776,0.1408510059118271,0.1838040053844452
0.14180999994277954,0.140065997838974,0.1363469958305359
0.14486700296401978,0.1097790002822876,0.14499500393867493
0.1349640041589737,0.13030199706554413,0.14025400578975677
0.14270800352096558,0.13387000560760498,0.13233299553394318
0.10964299738407135,0.1419149935245514,0.13846400380134583
0.1298920065164566,0.15804700553417206,0.1382340043783188
0.09842900186777115,0.1383890062570572,0.1428219974040985
0.15930700302124023,0.14188499748706818,0.141866996884346
0.19154900312423706,0.1340090036392212,0.13565200567245483
0.1475140005350113,0.14450599253177643,0.13975000381469727
0.12167800217866898,0.14270800352096558,0.13940399885177612
0.11595500260591507,0.1330839991569519,0.14750899374485016
0.1450289934873581,0.14268599450588226,0.13649000227451324
0.14237000048160553,0.11841899901628494,0.13873900473117828
0.10064300149679184,0.13099099695682526,0.1416040062904358
0.11528299748897552,0.13418200612068176,0.1381939947605133
0.10279399901628494,0.1406490057706833,0.1418370008468628
0.15263700485229492,0.14838199317455292,0.1280989944934845
0.1412460058927536,0.1431179940700531,0.1362909972667694
0.13574300706386566,0.1427990049123764,0.1414709985256195
0.14848700165748596,0.13273100554943085,0.1401900053024292
0.1429159939289093,0.14368599653244019,0.12986299395561218
0.13640399277210236,0.13580599427223206,0.14130599796772003
0.1322299987077713,0.14032100141048431,0.15304000675678253
0.1084669977426529,0.13464100658893585,0.1471939980983734
0.12329500168561935,0.10738100111484528,0.15060000121593475
0.13541600108146667,0.13124899566173553,0.13585500419139862
0.1340389996767044,0.14002500474452972,0.18588300049304962
0.10165400058031082,0.142194002866745,0.14107300341129303
0.1502320021390915,0.13356100022792816,0.1413780003786087
0.09930100291967392,0.1387230008840561,0.13856899738311768
0.15820500254631042,0.14208899438381195,0.13867799937725067
0.10050400346517563,0.14096400141716003,0.15117600560188293
0.11563199758529663,0.13431799411773682,0.13861900568008423
0.09967699646949768,0.1413699984550476,0.13396400213241577
0.1589130014181137,0.13989199697971344,0.13621599972248077
0.1447570025920868,0.14309899508953094,0.144677996635437
0.13189999759197235,0.10644800215959549,0.14721299707889557
0.12385900318622589,0.12297900021076202,0.12755100429058075
0.13600599765777588,0.14799000322818756,0.17942099273204803
0.13448600471019745,0.13419699668884277,0.14201000332832336
0.16249500215053558,0.15076899528503418,0.1419460028409958
0.13987800478935242,0.1345839947462082,0.1392049938440323
0.14532099664211273,0.1403059959411621,0.12994199991226196
0.107184998691082,0.13978800177574158,0.21889199316501617
0.14075399935245514,0.1344520002603531,0.13704299926757812
0.1451520025730133,0.14329099655151367,0.13003499805927277
0.14476999640464783,0.1355919986963272,0.13670100271701813
0.10385700315237045,0.13824999332427979,0.1392350047826767
0.13049300014972687,0.10587000101804733,0.14157499372959137
0.13544899225234985,0.1307380050420761,0.13950200378894806
0.1393440067768097,0.1342500001192093,0.13969700038433075
0.15594999492168427,0.14063699543476105,0.1356939971446991
0.14691700041294098,0.15620100498199463,0.14135099947452545
0.135002002120018,0.142768993973732,0.13835500180721283
0.1456110030412674,0.14361800253391266,0.14838600158691406
0.13929100334644318,0.1339859962463379,0.15253199636936188
0.1469610035419464,0.14082899689674377,0.12993000447750092
0.14998500049114227,0.14160799980163574,0.13738900423049927
0.13357000052928925,0.14258499443531036,0.1378919929265976
0.11289600282907486,0.13270099461078644,0.12651599943637848
0.13227100670337677,0.10892300307750702,0.126118004322052
0.13789699971675873,0.13015200197696686,0.12764699757099152
0.15211500227451324,0.1410280019044876,0.13420799374580383
0.14476099610328674,0.14229600131511688,0.1269560009241104
0.1401820033788681,0.13470099866390228,0.15035200119018555
0.14507700502872467,0.13585799932479858,0.13570399582386017
0.14154699444770813,0.13984400033950806,0.15978199243545532
0.15999500453472137,0.1394069939851761,0.13996000587940216
0.14348000288009644,0.13267099857330322,0.14087699353694916
0.14403299987316132,0.14615599811077118,0.1333550065755844
0.14297600090503693,0.14280200004577637,0.15229900181293488
0.1452530026435852,0.14166299998760223,0.1552020013332367
0.13664500415325165,0.13402099907398224,0.18754099309444427
0.1387079954147339,0.13327600061893463,0.1388780027627945
0.14334100484848022,0.11588799953460693,0.13654300570487976
0.10970000177621841,0.13078700006008148,0.13913600146770477
0.11692599952220917,0.13892300426959991,0.13813799619674683
0.0992479994893074,0.13458800315856934,0.13246099650859833
0.128930002450943,0.14461199939250946,0.13885900378227234
0.15158900618553162,0.13912899792194366,0.14316700398921967
0.14294500648975372,0.1376820057630539,0.1628900021314621
0.13878799974918365,0.14134399592876434,0.1404310017824173
0.1365250051021576,0.13537000119686127,0.14418600499629974
0.1436139941215515,0.14084400236606598,0.16081200540065765
0.14167200028896332,0.14142699539661407,0.13714000582695007
0.14167100191116333,0.1424349993467331,0.12865500152111053
0.1400199979543686,0.135125994682312,0.14201000332832336
0.1400810033082962,0.1434450000524521,0.15442700684070587
0.1372459977865219,0.13781799376010895,0.1444000005722046
0.1418589949607849,0.14139600098133087,0.1410290002822876
0.13278000056743622,0.10939499735832214,0.13104599714279175
0.14327600598335266,0.169404998421669,0.13959600031375885
0.13465899229049683,0.13677600026130676,0.13655099272727966
0.10848700255155563,0.1377130001783371,0.15042300522327423
0.12879399955272675,0.14070799946784973,0.1634870022535324
0.1351899951696396,0.13376100361347198,0.15229199826717377
0.10391400009393692,0.1363070011138916,0.13792599737644196
0.13024599850177765,0.14842399954795837,0.17809699475765228
0.14165599644184113,0.14313800632953644,0.1414009928703308
0.14017899334430695,0.13242200016975403,0.1286820024251938
0.1385989934206009,0.1415019929409027,0.13802799582481384
0.10852999985218048,0.14402499794960022,0.14823900163173676
0.16907799243927002,0.1436379998922348,0.15468600392341614
0.14372700452804565,0.1379300057888031,0.13523100316524506
0.14273899793624878,0.13245999813079834,0.14326100051403046
0.14531700313091278,0.14767499268054962,0.13982200622558594
0.1548749953508377,0.14332200586795807,0.13682599365711212
0.14768600463867188,0.14102399349212646,0.14129099249839783
0.223798006772995,0.15515300631523132,0.14013700187206268
0.136587992310524,0.14651300013065338,0.15221700072288513
0.1459610015153885,0.14150600135326385,0.15628400444984436
0.1366479992866516,0.1535779982805252,0.14986999332904816
0.13827599585056305,0.1320050060749054,0.23012900352478027
0.14452500641345978,0.14616000652313232,0.14024600386619568
0.1542769968509674,0.13824300467967987,0.14483200013637543
0.14284799993038177,0.1415500044822693,0.13808000087738037
0.14376500248908997,0.1418820023536682,0.14150899648666382
0.10610499978065491,0.10339900106191635,0.1401979923248291
0.10605700314044952,0.16187399625778198,0.13461700081825256
0.13018099963665009,0.14381499588489532,0.13376900553703308
0.1460999995470047,0.1396780014038086,0.1373250037431717
0.14458100497722626,0.14769400656223297,0.1413780003786087
0.14722399413585663,0.1354600042104721,0.13604700565338135
0.1352050006389618,0.1414410024881363,0.13208100199699402
0.1406790018081665,0.1424189954996109,0.13959600031375885
0.10791400074958801,0.1483599990606308,0.14024199545383453
0.16253599524497986,0.13394500315189362,0.14285899698734283
0.10187199711799622,0.14047899842262268,0.14448599517345428
0.11539100110530853,0.1373549997806549,0.12803499400615692
0.13506199419498444,0.14073500037193298,0.2007340043783188
0.1379300057888031,0.1393059939146042,0.14193399250507355
0.16085200011730194,0.10147000104188919,0.1372459977865219
0.14938199520111084,0.11856099963188171,0.13706499338150024
0.13656599819660187,0.1368509978055954,0.1504870057106018
0.11158400028944016,0.14435899257659912,0.1639689952135086
0.13021600246429443,0.14711500704288483,0.13945700228214264
0.1089629977941513,0.1331000030040741,0.13096700608730316
0.11785099655389786,0.10951600223779678,0.14361800253391266
0.1145310029387474,0.13073000311851501,0.14253899455070496
0.1405619978904724,0.11682800203561783,0.14130599796772003
0.14440399408340454,0.11621899902820587,0.13815699517726898
0.10576699674129486,0.13180600106716156,0.13577599823474884
0.13135099411010742,0.1436450034379959,0.14184699952602386
0.1352120041847229,0.14986799657344818,0.13654600083827972
0.14370499551296234,0.13621599972248077,0.14134399592876434
0.1457580029964447,0.13228000700473785,0.1485549956560135
0.144118994474411,0.14212200045585632,0.13680300116539001
0.1584320068359375,0.14153599739074707,0.13753199577331543
0.1489270031452179,0.14272399246692657,0.14205799996852875
0.1077520027756691,0.14649400115013123,0.12989600002765656
0.12900899350643158,0.1357010006904602,0.13837400078773499
0.13647900521755219,0.14211499691009521,0.14952899515628815
0.13627199828624725,0.14228400588035583,0.14084400236606598
0.09884899854660034,0.14409199357032776,0.13797499239444733
0.15204699337482452,0.14090000092983246,0.12974199652671814
0.10159099847078323,0.14500199258327484,0.14587099850177765
0.13099800050258636,0.13232800364494324,0.13873900473117828
0.16090799868106842,0.1418360024690628,0.14597199857234955
0.1394069939851761,0.14173799753189087,0.15284399688243866
0.1577170044183731,0.13538500666618347,0.14061899483203888
0.13593800365924835,0.14208099246025085,0.1389160007238388
0.1364939957857132,0.1414490044116974,0.14210300147533417
0.13335900008678436,0.1420619934797287,0.15827299654483795
0.13645699620246887,0.13858500123023987,0.1430329978466034
0.13708800077438354,0.13768599927425385,0.13756899535655975
0.09780800342559814,0.13809199631214142,0.13914500176906586
0.16016000509262085,0.14331799745559692,0.13290800154209137
0.10794899612665176,0.13630999624729156,0.13920900225639343
0.13155800104141235,0.13356900215148926,0.14475800096988678
0.15971699357032776,0.13390399515628815,0.13810400664806366
0.14417800307273865,0.14117899537086487,0.13433900475502014
0.10224899649620056,0.13994100689888,0.14095300436019897
0.11679399758577347,0.1317639946937561,0.1347309947013855
0.13436199724674225,0.13970999419689178,0.13652800023555756
0.13307300209999084,0.14167900383472443,0.1414559930562973
0.13654300570487976,0.14210699498653412,0.13018600642681122
0.13511799275875092,0.134226992726326,0.1412840038537979
0.09902399778366089,0.13267900049686432,0.15064799785614014
0.1611189991235733,0.1430550068616867,0.1654050052165985
0.1348699927330017,0.10749799758195877,0.13557599484920502
0.14151699841022491,0.16164599359035492,0.137581005692482
0.13355399668216705,0.13242200016975403,0.2028989940881729
0.14295999705791473,0.147038996219635,0.1425810009241104
0.11097899824380875,0.1371150016784668,0.1339149922132492
0.13089199364185333,0.14178000390529633,0.14379900693893433
0.13371600210666656,0.14185099303722382,0.1418440043926239
0.1322380006313324,0.13405799865722656,0.14061500132083893
0.14435899257659912,0.14546099305152893,0.1269489973783493
0.150410994887352,0.13461799919605255,0.1494939923286438
0.14239299297332764,0.1418209969997406,0.1358020007610321
0.13241100311279297,0.13505800068378448,0.13802099227905273
0.14500199258327484,0.141634002327919,0.1392650008201599
0.13498300313949585,0.14092299342155457,0.13948999345302582
0.14407700300216675,0.14114099740982056,0.14643099904060364
0.1321669965982437,0.14254599809646606,0.1519159972667694
0.1026809960603714,0.13397200405597687,0.13551700115203857
0.1295280009508133,0.14400599896907806,0.14281700551509857
0.14216800034046173,0.13278800249099731,0.13916300237178802
0.13463300466537476,0.14161500334739685,0.14291900396347046
0.10734599828720093,0.13453100621700287,0.14945299923419952
0.1324560046195984,0.13760599493980408,0.13661499321460724
0.11112499982118607,0.14284400641918182,0.1388780027627945
0.12947599589824677,0.14421199262142181,0.1397639960050583
0.10649299621582031,0.1438169926404953,0.14028799533843994
0.11567399650812149,0.133993998169899,0.12651200592517853
0.1362989991903305,0.14044499397277832,0.15799100697040558
0.14358900487422943,0.14560799300670624,0.16007000207901
0.14405499398708344,0.14141200482845306,0.15384399890899658
0.13348999619483948,0.13808900117874146,0.12952399253845215
0.13422299921512604,0.13606999814510345,0.14585599303245544
0.14297999441623688,0.1418209969997406,0.13974300026893616
0.1349709928035736,0.12234699726104736,0.14322799444198608
0.13580599427223206,0.13984400033950806,0.13630199432373047
0.1369680017232895,0.13280999660491943,0.1550319939851761
0.13900500535964966,0.14645299315452576,0.13862499594688416
0.13524200022220612,0.1365240067243576,0.14003600180149078
0.14263400435447693,0.14243799448013306,0.13800199329853058
0.14998400211334229,0.13190700113773346,0.13376499712467194
0.1340949982404709,0.14296400547027588,0.13751700520515442
0.1461630016565323,0.1364859938621521,0.13990800082683563
0.13469700515270233,0.14423200488090515,0.14058400690555573
0.09899300336837769,0.13702799379825592,0.13313700258731842
0.16778799891471863,0.1345130056142807,0.13797900080680847
0.14482900500297546,0.14002400636672974,0.14190399646759033
0.13468199968338013,0.1437389999628067,0.14282900094985962
0.13683299720287323,0.14264899492263794,0.19334200024604797
0.13278700411319733,0.13512299954891205,0.13989299535751343
0.13641899824142456,0.14008399844169617,0.1437159925699234
0.13356100022792816,0.13540299236774445,0.14106500148773193
0.16983799636363983,0.14046800136566162,0.1396300047636032
0.15011100471019745,0.1413249969482422,0.13971200585365295
0.10799700021743774,0.13310299813747406,0.1393440067768097
0.13442200422286987,0.10901600122451782,0.14480699598789215
0.14344899356365204,0.1362909972667694,0.13759200274944305
0.13380299508571625,0.14123499393463135,0.1347689926624298
0.14263300597667694,0.1337839961051941,0.14117099344730377
0.14278000593185425,0.15369799733161926,0.15712599456310272
0.1428219974040985,0.1591300070285797,0.13915899395942688
0.1330990046262741,0.15833799540996552,0.14926500618457794
0.1363469958305359,0.16672900319099426,0.13694100081920624
0.13537399470806122,0.15140500664710999,0.1389860063791275
0.13871300220489502,0.16898399591445923,0.16534100472927094
0.13392199575901031,0.1566449999809265,0.1444759964942932
0.10187699645757675,0.15108999609947205,0.13541099429130554
0.11649700254201889,0.13765199482440948,0.13917499780654907
0.13513299822807312,0.14143799245357513,0.14767900109291077
0.132859006524086,0.14304299652576447,0.1566160023212433
0.1583710014820099,0.14049799740314484,0.12896700203418732
0.12992599606513977,0.14489999413490295,0.14059899747371674
0.14283199608325958,0.13367900252342224,0.14173899590969086
0.1327120065689087,0.14189299941062927,0.20581600069999695
0.14051300287246704,0.14253899455070496,0.1362680047750473
0.1350090056657791,0.13832899928092957,0.12853500247001648
0.10280100256204605,0.1358180046081543,0.16381500661373138
0.1290230005979538,0.14434799551963806,0.15505099296569824
0.1456039994955063,0.13707800209522247,0.13750599324703217
0.14111800491809845,0.14273500442504883,0.13630199432373047
0.14212200045585632,0.14199799299240112,0.1528099924325943
0.14411799609661102,0.13213300704956055,0.15146799385547638
0.1379449963569641,0.1405469924211502,0.13571999967098236
0.14173099398612976,0.14354699850082397,0.13896100223064423
0.10180500149726868,0.1446560025215149,0.20107999444007874
0.12979499995708466,0.13332399725914001,0.12731300294399261
0.14102500677108765,0.14136700332164764,0.13610300421714783
0.140858992934227,0.13724200427532196,0.14571599662303925
0.13030999898910522,0.1418360024690628,0.13833999633789062
0.13007700443267822,0.14044900238513947,0.1326490044593811
0.14554700255393982,0.12413299828767776,0.14045299589633942
0.13794200122356415,0.14852100610733032,0.14826600253582
0.09781300276517868,0.14321599900722504,0.1353670060634613
0.12874199450016022,0.13983599841594696,0.14353899657726288
0.1388770043849945,0.13574999570846558,0.14140400290489197
0.14339299499988556,0.14250899851322174,0.14111800491809845
0.14871999621391296,0.15279200673103333,0.14175400137901306
0.13181400299072266,0.0999709963798523,0.15878799557685852
0.1423249989748001,0.13082100450992584,0.14312200248241425
0.14138899743556976,0.13421300053596497,0.14063400030136108
0.1436070054769516,0.1452919989824295,0.12907299399375916
0.13379499316215515,0.15023499727249146,0.1429000049829483
0.14407099783420563,0.13763700425624847,0.12780599296092987
0.1538819968700409,0.13406500220298767,0.1309259980916977
0.10758700221776962,0.1396069973707199,0.13631699979305267
0.12906600534915924,0.158952996134758,0.13707999885082245
0.15017899870872498,0.14079900085926056,0.13315199315547943
0.14785899221897125,0.1459980010986328,0.12878699600696564
0.10858400166034698,0.13189999759197235,0.13151299953460693
0.1289220005273819,0.14280299842357635,0.1304669976234436
0.13441500067710876,0.14354699850082397,0.13477599620819092
0.14199000597000122,0.14354999363422394,0.1353359967470169
0.1456640064716339,0.13345199823379517,0.1623860001564026
0.14593100547790527,0.10869699716567993,0.1554500013589859
0.14698000252246857,0.1300089955329895,0.13748599588871002
0.13471199572086334,0.14094199240207672,0.14492300152778625
0.10241399705410004,0.14143799245357513,0.13491900265216827
0.12871499359607697,0.18603700399398804,0.1393519937992096
0.1511719971895218,0.14720100164413452,0.14168700575828552
0.13512299954891205,0.14625699818134308,0.194364994764328
0.15116800367832184,0.13433599472045898,0.12851299345493317
0.13585099577903748,0.1338929980993271,0.14112600684165955
0.14254699647426605,0.1358249932527542,0.14962199330329895
0.14334000647068024,0.14724700152873993,0.14145000278949738
0.13479499518871307,0.14338499307632446,0.15412800014019012
0.142645001411438,0.1458590030670166,0.1518930047750473
0.10829400271177292,0.1349940001964569,0.1447650045156479
0.11648999899625778,0.14187400043010712,0.1375650018453598
0.1324789971113205,0.14384399354457855,0.14412200450897217
0.14164100587368011,0.14351700246334076,0.15729600191116333
0.1407800018787384,0.13355399668216705,0.1834390014410019
0.1412390023469925,0.13416700065135956,0.13977299630641937
0.14736799895763397,0.13996000587940216,0.17975199222564697
0.1336899995803833,0.1411450058221817,0.14173099398612976
0.14319300651550293,0.14414800703525543,0.1365469992160797
0.14165200293064117,0.13411100208759308,0.1378750056028366
0.14006899297237396,0.1434980034828186,0.1459980010986328
0.13335099816322327,0.14061099290847778,0.1641640067100525
0.10259400308132172,0.14083300530910492,0.1374109983444214
0.13072000443935394,0.1333169937133789,0.13979500532150269
0.14215299487113953,0.1565289944410324,0.20223000645637512
0.1431259959936142,0.14363700151443481,0.14318999648094177
0.1484760046005249,0.14712199568748474,0.13739599287509918
0.13752000033855438,0.13775800168514252,0.1351889967918396
0.10926699638366699,0.1331699937582016,0.15080299973487854
0.14298699796199799,0.1425579935312271,0.15447600185871124
0.14299799501895905,0.1367270052433014,0.14321300387382507
0.1366329938173294,0.14118999242782593,0.13975000381469727
0.14606299996376038,0.10112900286912918,0.19973799586296082
0.14520099759101868,0.1283400058746338,0.1441590040922165
0.11071600019931793,0.14057700335979462,0.13950899243354797
0.1167600005865097,0.14261800050735474,0.1476150006055832
0.13362999260425568,0.17335699498653412,0.19037599861621857
0.1440960019826889,0.13373899459838867,0.14221300184726715
0.1466750055551529,0.1437090039253235,0.12723000347614288
0.13583199679851532,0.14487400650978088,0.14809900522232056
0.13904300332069397,0.14290399849414825,0.13408400118350983
0.13261500000953674,0.1316249966621399,0.1348699927330017
0.1422320008277893,0.13642999529838562,0.1383890062570572
0.145563006401062,0.14256200194358826,0.1487240046262741
0.11212100088596344,0.10989599674940109,0.19014699757099152
0.13780200481414795,0.12918899953365326,0.1372230052947998
0.1431410014629364,0.13497500121593475,0.14770099520683289
0.13933999836444855,0.13904300332069397,0.20566199719905853
0.10866999626159668,0.14481399953365326,0.1355919986963272
0.11498899757862091,0.141866996884346,0.12922699749469757
0.13681000471115112,0.13697600364685059,0.14034000039100647
0.14226900041103363,0.14163300395011902,0.13975299894809723
0.1572140008211136,0.1434909999370575,0.1403290033340454
0.13572999835014343,0.14548000693321228,0.1342490017414093
0.13872699439525604,0.16329899430274963,0.13552099466323853
0.13198700547218323,0.12387300282716751,0.15081000328063965
0.14256900548934937,0.11360999941825867,0.15517500042915344
0.1329900026321411,0.12972299754619598,0.13623499870300293
0.13919000327587128,0.13851699233055115,0.13976000249385834
0.13076899945735931,0.1336970031261444,0.14600099623203278
0.13076099753379822,0.1490129977464676,0.1484600007534027
0.13298699259757996,0.11233899742364883,0.14179499447345734
0.13332100212574005,0.13030999898910522,0.14110299944877625
0.1342719942331314,0.13844099640846252,0.1418139934539795
0.14887799322605133,0.13550500571727753,0.22456499934196472
0.14124999940395355,0.14118599891662598,0.13644899427890778
0.15315699577331543,0.1448819935321808,0.12926100194454193
0.10804200172424316,0.1458439975976944,0.13667899370193481
0.13867899775505066,0.10256099700927734,0.13679400086402893
0.13725699484348297,0.1330849975347519,0.14510400593280792
0.11743800342082977,0.14248999953269958,0.134551003575325
0.1326889991760254,0.14286699891090393,0.1377280056476593
0.13227500021457672,0.13811500370502472,0.14237700402736664
0.14165300130844116,0.13302800059318542,0.1391180008649826
0.142768993973732,0.1440020054578781,0.13579799234867096
0.14394499361515045,0.13977999985218048,0.15528400242328644
0.1374640017747879,0.14335200190544128,0.1465590000152588
0.13821600377559662,0.13182200491428375,0.13015200197696686
0.10816200077533722,0.13999000191688538,0.13609500229358673
0.11632800102233887,0.14174599945545197,0.13651999831199646
0.13811500370502472,0.1092349961400032,0.1281449943780899
0.13471199572086334,0.15964500606060028,0.1417209953069687
0.15953299403190613,0.13243000209331512,0.13770900666713715
0.10284200310707092,0.11336900293827057,0.13489200174808502
0.1298770010471344,0.1577959954738617,0.12988899648189545
0.14091899991035461,0.14358800649642944,0.13326099514961243
0.13411399722099304,0.10035400092601776,0.13406500220298767
0.14239700138568878,0.13147899508476257,0.1259859949350357
0.15085899829864502,0.14727599918842316,0.12705400586128235
0.1375429928302765,0.1352050006389618,0.13041099905967712
0.1348470002412796,0.14127600193023682,0.13700099289417267
0.14064499735832214,0.13504299521446228,0.17622800171375275
0.15218999981880188,0.1432349979877472,0.1343660056591034
0.14181800186634064,0.13772399723529816,0.14689700305461884
0.14727699756622314,0.14151300489902496,0.13718099892139435
0.1319970041513443,0.1333550065755844,0.14068199694156647
0.1081399992108345,0.13623499870300293,0.1354680061340332
0.1326099932193756,0.1412380039691925,0.14261099696159363
0.14816699922084808,0.11202699691057205,0.14146000146865845
0.13441099226474762,0.1301479935646057,0.1422010064125061
0.11601299792528152,0.13467800617218018,0.14034000039100647
0.1366109997034073,0.1427990049123764,0.13384400308132172
0.142426997423172,0.14312300086021423,0.13499799370765686
0.1434900015592575,0.14291200041770935,0.14224199950695038
0.1493220031261444,0.13529899716377258,0.14259199798107147
0.14332500100135803,0.11126399785280228,0.21073700487613678
0.14556999504566193,0.12863700091838837,0.13785900175571442
0.13926099240779877,0.14237800240516663,0.1459680050611496
0.10054200142621994,0.14307299256324768,0.16402900218963623
0.13101699948310852,0.13233299553394318,0.13652800023555756
0.14493800699710846,0.14629599452018738,0.1371069997549057
0.14345699548721313,0.13617800176143646,0.13653600215911865
0.11141800135374069,0.14207400381565094,0.14101700484752655
0.1167680025100708,0.13192200660705566,0.1353510022163391
0.14452800154685974,0.1430100053548813,0.1462160050868988
0.14114800095558167,0.14337800443172455,0.1389939934015274
0.14351999759674072,0.1445399969816208,0.14107400178909302
0.14409500360488892,0.14390499889850616,0.14114099740982056
0.11140400171279907,0.13399800658226013,0.1340010017156601
0.13458000123500824,0.142317995429039,0.13431699573993683
0.13677600026130676,0.14203999936580658,0.1412079930305481
0.14168700575828552,0.1415800005197525,0.15000100433826447
0.14496399462223053,0.09877800196409225,0.27883800864219666
0.1424189954996109,0.1307380050420761,0.13735100626945496
0.18272200226783752,0.1398099958896637,0.14293800294399261
0.10535000264644623,0.14083699882030487,0.14135900139808655
0.13233999907970428,0.1532839983701706,0.144664004445076
0.13282500207424164,0.14031000435352325,0.2125909924507141
0.10737299919128418,0.13672399520874023,0.13968899846076965
0.13235099613666534,0.14164100587368011,0.14111800491809845
0.14641599357128143,0.14167900383472443,0.14270099997520447
0.13350099325180054,0.13526099920272827,0.1393059939146042
0.13547900319099426,0.14564399421215057,0.1372690051794052
0.14373500645160675,0.14274300634860992,0.13947899639606476
0.15266799926757812,0.11420799791812897,0.13920100033283234
0.14411799609661102,0.12979499995708466,0.14437399804592133
0.1359570026397705,0.1342799961566925,0.14096799492835999
0.13992300629615784,0.14117500185966492,0.14347200095653534
0.10845199972391129,0.14141200482845306,0.1398029923439026
0.11791099607944489,0.14206600189208984,0.19602300226688385
0.15197600424289703,0.13373099267482758,0.14251700043678284
0.14392000436782837,0.14000600576400757,0.17305900156497955
0.14917899668216705,0.13386599719524384,0.14265300333499908
0.13875800371170044,0.14184799790382385,0.13807299733161926
0.1399189978837967,0.1407800018787384,0.1399340033531189
0.13434399664402008,0.13743799924850464,0.13645300269126892
0.14898300170898438,0.10047800093889236,0.14209599792957306
0.14238199591636658,0.13079500198364258,0.14639699459075928
0.10952799767255783,0.14046399295330048,0.14259199798107147
0.11634299904108047,0.13170099258422852,0.13907000422477722
0.10122600197792053,0.15458500385284424,0.13979500532150269
0.12971200048923492,0.14253999292850494,0.1482349932193756
0.13742999732494354,0.14169800281524658,0.13678400218486786
0.1445319950580597,0.14391499757766724,0.1413249969482422
0.10099999606609344,0.1328510046005249,0.1423480063676834
0.15111200511455536,0.14250199496746063,0.14982999861240387
0.11262799799442291,0.1392039954662323,0.14568300545215607
0.1309109926223755,0.1359899938106537,0.14369699358940125
0.14320500195026398,0.13256299495697021,0.1480100005865097
0.14391100406646729,0.13942299783229828,0.14127999544143677
0.10751599818468094,0.14247900247573853,0.15081200003623962
0.13728800415992737,0.14176499843597412,0.13455799221992493
0.14321599900722504,0.1388469934463501,0.1549530029296875
0.1330769956111908,0.1352429986000061,0.13892200589179993
0.143219992518425,0.11331699788570404,0.14592699706554413
0.14311400055885315,0.1621609926223755,0.13415999710559845
0.15051400661468506,0.1378059983253479,0.14528000354766846
0.13336199522018433,0.13478000462055206,0.13666999340057373
0.1479489952325821,0.1392049938440323,0.1398089975118637
0.1431179940700531,0.14066700637340546,0.14518600702285767
0.14267900586128235,0.1413930058479309,0.13569000363349915
0.14145700633525848,0.13751600682735443,0.15693099796772003
0.1010420024394989,0.13441099226474762,0.14882199466228485
0.13016599416732788,0.13465599715709686,0.13934099674224854
0.14705100655555725,0.1503780037164688,0.13700999319553375
0.1425810009241104,0.14426100254058838,0.14047199487686157
0.13663700222969055,0.13571299612522125,0.13858400285243988
0.13478000462055206,0.13733899593353271,0.13808000087738037
0.1439869999885559,0.1413480043411255,0.13771599531173706
0.13441899418830872,0.14072999358177185,0.1387760043144226
0.14354300498962402,0.14225800335407257,0.14068299531936646
0.13576899468898773,0.13304999470710754,0.13486699759960175
0.14258800446987152,0.1322679966688156,0.13870400190353394
0.14410300552845,0.10794000327587128,0.1349720060825348
0.11061699688434601,0.13156099617481232,0.14002099633216858
0.130389004945755,0.1113160029053688,0.14057700335979462
0.14492300152778625,0.1289519965648651,0.1416970044374466
0.1399870067834854,0.1427229940891266,0.19572900235652924
0.1428699940443039,0.1405780017375946,0.14124199748039246
0.2033730000257492,0.14365600049495697,0.14208899438381195
0.150968998670578,0.13276100158691406,0.14989300072193146
0.13618500530719757,0.13705399632453918,0.1385740041732788
0.15965299308300018,0.1399109959602356,0.1424569934606552
0.14299799501895905,0.13418899476528168,0.14049400389194489
0.135903999209404,0.13480599224567413,0.1434759944677353
0.13491299748420715,0.14353099465370178,0.1415559947490692
0.13955099880695343,0.14141499996185303,0.13061000406742096
0.14068999886512756,0.13593000173568726,0.14135600626468658
0.13530999422073364,0.14169399440288544,0.14245299994945526
0.13441099226474762,0.1333959996700287,0.13893799483776093
0.13904699683189392,0.15034399926662445,0.13026799261569977
0.13479800522327423,0.1416739970445633,0.14644600450992584
0.12388399988412857,0.14712299406528473,0.13856199383735657
0.11873000115156174,0.13500599563121796,0.14838899672031403
0.1259630024433136,0.1433209925889969,0.1485690027475357
0.13436199724674225,0.14147600531578064,0.1441670060157776
0.13209599256515503,0.11181999742984772,0.13915599882602692
0.11845599859952927,0.14545999467372894,0.228192999958992
0.16139300167560577,0.13499799370765686,0.13597099483013153
0.13376100361347198,0.14372700452804565,0.14444500207901
0.12264399975538254,0.141852006316185,0.1446480005979538
0.1556600034236908,0.14440099895000458,0.1417199969291687
0.1110839992761612,0.15650300681591034,0.13694100081920624
0.16614200174808502,0.14237000048160553,0.13968999683856964
0.16209299862384796,0.1419450044631958,0.14019399881362915
0.1368809938430786,0.14182500541210175,0.13709600269794464
0.12448599934577942,0.13490399718284607,0.14567799866199493
0.14109599590301514,0.1482580006122589,0.13763700425624847
0.14208099246025085,0.13651999831199646,0.14167100191116333
0.12106800079345703,0.14132599532604218,0.1506900042295456
0.12574900686740875,0.14221200346946716,0.14836299419403076
0.1441970020532608,0.14352799952030182,0.137363001704216
0.21112500131130219,0.14149799942970276,0.14349499344825745
0.14503200352191925,0.14449599385261536,0.14318600296974182
0.1476610004901886,0.1390320062637329,0.2242870032787323
0.13559900224208832,0.13563300669193268,0.14051300287246704
0.15522800385951996,0.13135099411010742,0.1365240067243576
0.14438499510288239,0.23583300411701202,0.1595810055732727
0.14209499955177307,0.16660800576210022,0.15386399626731873
0.13608500361442566,0.10640999674797058,0.13484899699687958
0.14643800258636475,0.15961800515651703,0.1420699954032898
0.1419299989938736,0.14451299607753754,0.16010800004005432
0.14390400052070618,0.1461630016565323,0.1389939934015274
0.15597599744796753,0.14251300692558289,0.14087100327014923
0.13622699677944183,0.14478500187397003,0.13495999574661255
0.14424200356006622,0.13367800414562225,0.19047799706459045
0.11571899801492691,0.14215900003910065,0.1431639939546585
0.14167900383472443,0.14062899351119995,0.13918599486351013
0.10111699998378754,0.13545699417591095,0.13763299584388733
0.13089700043201447,0.16577300429344177,0.1395539939403534
0.128260999917984,0.15634900331497192,0.13912199437618256
0.13483299314975739,0.1414639949798584,0.14139699935913086
0.10184700042009354,0.10107500106096268,0.13783599436283112
0.1310880035161972,0.16470900177955627,0.13836699724197388
0.13530999422073364,0.13515199720859528,0.1403290033340454
0.1462170034646988,0.13891199231147766,0.1422010064125061
0.13783200085163116,0.13958099484443665,0.13802500069141388
0.13344599306583405,0.12189199775457382,0.12755799293518066
0.14806999266147614,0.12222699820995331,0.1426219940185547
0.14340099692344666,0.1682550013065338,0.1425500065088272
0.1434050053358078,0.1349869966506958,0.13819000124931335
0.13443399965763092,0.13220100104808807,0.19849200546741486
0.13830700516700745,0.2289160043001175,0.14881399273872375
0.14343799650669098,0.14702899754047394,0.13552400469779968
0.10889600217342377,0.13332100212574005,0.13719700276851654
0.1299230009317398,0.14754000306129456,0.16523200273513794
0.13458800315856934,0.14466699957847595,0.14137400686740875
0.14315199851989746,0.11268500238656998,0.1413639932870865
0.1427759975194931,0.1146399974822998,0.14246399700641632
0.14301300048828125,0.14023800194263458,0.1367499977350235
0.10299400240182877,0.13678400218486786,0.1372089982032776
0.13159899413585663,0.1522350013256073,0.1392270028591156
0.1415950059890747,0.14363700151443481,0.13870500028133392
0.13558800518512726,0.14789000153541565,0.13659299910068512
0.15489700436592102,0.13493800163269043,0.1385509967803955
0.13686999678611755,0.14164499938488007,0.14242999255657196
0.14332999289035797,0.1409900039434433,0.14215999841690063
0.14310599863529205,0.14744600653648376,0.13874299824237823
0.14514100551605225,0.13452400267124176,0.1348849982023239
0.13521899282932281,0.14203299582004547,0.14090099930763245
0.14040400087833405,0.14413000643253326,0.1491830050945282
0.14378400146961212,0.10688000172376633,0.13952699303627014
0.11003900319337845,0.13161399960517883,0.133775994181633
0.13231000304222107,0.14323900640010834,0.1535699963569641
0.1353590041399002,0.1370459944009781,0.1444229930639267
0.14357000589370728,0.1466899961233139,0.14091600477695465
0.14449000358581543,0.1396549940109253,0.14111100137233734
0.14305399358272552,0.13396400213241577,0.13479800522327423
0.1357090026140213,0.14000199735164642,0.1402759999036789
0.14167900383472443,0.1449040025472641,0.1498969942331314
0.1448809951543808,0.14214099943637848,0.16457499563694
0.13874199986457825,0.14181099832057953,0.13931399583816528
0.13973799347877502,0.10852299630641937,0.1378290057182312
0.13646399974822998,0.1308169960975647,0.14770500361919403
0.11101999878883362,0.14851300418376923,0.1549990028142929
0.1305920034646988,0.15179499983787537,0.13805100321769714
0.14293000102043152,0.13654300570487976,0.1451980024576187
0.13506899774074554,0.1444920003414154,0.13912199437618256
0.1501380056142807,0.14236700534820557,0.1350090056657791
0.14430199563503265,0.14179100096225739,0.13653899729251862
