4 x 256KB,2 x 512KB,1 x 1024KB
11.760479927062988,9.08738899230957,9.10319709777832
9.246110916137695,9.015385627746582,9.01009750366211
9.199893951416016,9.16235637664795,8.99504280090332
9.167526245117188,9.11760139465332,9.17481803894043
9.208747863769531,9.162590980529785,9.167771339416504
9.168878555297852,9.141572952270508,9.185583114624023
9.17985725402832,9.161823272705078,9.166884422302246
9.251574516296387,9.094812393188477,9.166067123413086
9.160463333129883,9.187744140625,9.175230979919434
9.165839195251465,9.148916244506836,9.17406177520752
9.192879676818848,9.160186767578125,9.17221736907959
9.15630054473877,9.109574317932129,9.16783332824707
9.159001350402832,9.174018859863281,9.123977661132812
9.197552680969238,9.156167030334473,9.189108848571777
9.167801856994629,9.11219310760498,9.02238655090332
9.152196884155273,9.161490440368652,9.163881301879883
9.155345916748047,9.105524063110352,9.013798713684082
9.128823280334473,9.181666374206543,9.170934677124023
8.97424602508545,9.151591300964355,9.161584854125977
9.182938575744629,9.110530853271484,9.158578872680664
9.15427017211914,9.158407211303711,9.169342041015625
9.203800201416016,9.123988151550293,9.117676734924316
9.16269588470459,9.150965690612793,9.0194091796875
9.164363861083984,9.10637092590332,9.182537078857422
9.149735450744629,9.157567977905273,9.154328346252441
9.704036712646484,9.10119915008545,9.169934272766113
9.17724609375,9.183229446411133,9.159690856933594
9.131232261657715,9.160079002380371,9.160547256469727
10.548297882080078,9.10240650177002,9.15826416015625
10.00379753112793,9.1600341796875,9.16600227355957
9.1693696975708,9.10937786102295,9.122030258178711
9.109795570373535,9.15402889251709,9.07441520690918
9.169939041137695,9.154359817504883,9.07274341583252
9.18471622467041,9.119516372680664,9.168519973754883
9.178186416625977,9.093673706054688,9.177480697631836
9.163963317871094,9.18613052368164,9.155913352966309
9.185635566711426,9.149979591369629,9.019046783447266
9.159263610839844,9.149142265319824,9.20437240600586
9.173050880432129,9.110321998596191,9.161982536315918
9.13707160949707,9.165078163146973,9.163408279418945
9.155009269714355,9.102692604064941,9.175711631774902
9.143269538879395,9.15114974975586,9.097859382629395
9.149648666381836,9.1057710647583,9.150616645812988
9.150742530822754,9.163389205932617,9.173585891723633
9.120179176330566,9.099747657775879,9.159839630126953
9.16157054901123,9.147829055786133,9.131288528442383
9.158111572265625,9.09453296661377,9.195000648498535
9.195455551147461,9.16285228729248,9.164071083068848
9.160274505615234,9.104764938354492,9.121328353881836
9.161503791809082,9.176983833312988,9.020085334777832
9.156790733337402,9.143601417541504,9.168128967285156
9.13132381439209,9.166497230529785,9.179635047912598
9.165093421936035,9.096109390258789,9.173166275024414
9.16100025177002,9.162741661071777,9.159409523010254
9.183893203735352,9.083657264709473,9.122761726379395
9.161445617675781,9.157116889953613,9.192671775817871
9.163228988647461,9.108297348022461,9.024052619934082
9.164508819580078,9.157994270324707,9.107645988464355
9.20682144165039,9.128634452819824,9.017955780029297
9.164816856384277,9.147421836853027,9.172628402709961
9.154521942138672,9.15931224822998,9.121846199035645
9.158990859985352,9.107818603515625,9.155604362487793
9.16653823852539,9.166666984558105,9.014389991760254
9.166274070739746,9.076549530029297,9.160601615905762
9.19555950164795,9.152050018310547,9.125614166259766
9.115253448486328,9.109153747558594,9.022546768188477
9.163396835327148,9.165000915527344,9.173624038696289
9.158903121948242,9.106719017028809,9.179908752441406
9.159790992736816,9.14283275604248,9.091411590576172
9.160331726074219,9.110940933227539,9.013710975646973
9.158390045166016,9.153302192687988,9.199758529663086
9.332072257995605,9.111150741577148,9.07522964477539
9.175505638122559,9.174182891845703,9.170878410339355
9.16014575958252,9.149658203125,9.162147521972656
9.146721839904785,9.160058975219727,9.166288375854492
9.166848182678223,9.16114330291748,9.158860206604004
9.162631034851074,9.100713729858398,9.168548583984375
9.165943145751953,9.160087585449219,9.171648979187012
9.176170349121094,9.111950874328613,9.119508743286133
9.178935050964355,9.164665222167969,9.018919944763184
9.163249015808105,9.152084350585938,9.173348426818848
9.155632019042969,9.170100212097168,9.147941589355469
9.160189628601074,9.151476860046387,9.025214195251465
9.12806510925293,9.108855247497559,9.15176010131836
9.160137176513672,9.163395881652832,9.124629974365234
9.156782150268555,9.106474876403809,9.0157470703125
9.154802322387695,9.157148361206055,9.186053276062012
9.155195236206055,9.139181137084961,9.159380912780762
9.161323547363281,9.137380599975586,9.161842346191406
9.148237228393555,9.11115837097168,9.124410629272461
9.17416000366211,9.167807579040527,9.224666595458984
9.15993881225586,9.164304733276367,9.136235237121582
9.165794372558594,9.104409217834473,9.170524597167969
9.157024383544922,9.188887596130371,9.121969223022461
9.157059669494629,9.08143138885498,9.017885208129883
9.140996932983398,9.153328895568848,9.177377700805664
9.1514310836792,9.152566909790039,9.168787002563477
9.150550842285156,9.159313201904297,9.163110733032227
9.107605934143066,9.109101295471191,9.164588928222656
9.141216278076172,9.183444023132324,9.179287910461426
9.15466594696045,9.154523849487305,9.16767692565918
9.154068946838379,9.110796928405762,9.158039093017578
9.112979888916016,9.160445213317871,9.122367858886719
9.142695426940918,9.112695693969727,9.00886058807373
9.155744552612305,9.157517433166504,9.183652877807617
9.150524139404297,9.156085968017578,9.167811393737793
9.11817741394043,9.155699729919434,9.165574073791504
9.154074668884277,9.166940689086914,9.161531448364258
9.143314361572266,9.15204906463623,9.120744705200195
9.14480972290039,9.144913673400879,9.162524223327637
9.12682819366455,9.158807754516602,9.17268180847168
9.155717849731445,9.159180641174316,9.173535346984863
9.149188995361328,9.135363578796387,9.097442626953125
9.16082763671875,9.146838188171387,9.189936637878418
9.15895938873291,9.181642532348633,9.150341987609863
9.157007217407227,9.082508087158203,9.008917808532715
9.154938697814941,9.165749549865723,9.174453735351562
9.18480110168457,9.093544006347656,9.062219619750977
9.175655364990234,9.153444290161133,9.19049072265625
9.164379119873047,9.111681938171387,9.166589736938477
9.153881072998047,9.16517162322998,9.166504859924316
9.17216682434082,9.178163528442383,9.171517372131348
9.159993171691895,9.150877952575684,9.173066139221191
9.165290832519531,9.162073135375977,9.024829864501953
9.268403053283691,9.159154891967773,9.162275314331055
9.157110214233398,9.179580688476562,9.115912437438965
9.187434196472168,9.165163040161133,9.02188491821289
9.151572227478027,9.155768394470215,9.170024871826172
9.106444358825684,9.151004791259766,9.17604923248291
9.159008979797363,9.169357299804688,9.170927047729492
9.15714168548584,9.153923988342285,9.179065704345703
9.164847373962402,9.159480094909668,9.162854194641113
9.158919334411621,9.157700538635254,9.195517539978027
9.157755851745605,9.116589546203613,9.172558784484863
9.154126167297363,9.158061027526855,9.186541557312012
9.169716835021973,9.10643196105957,9.16522216796875
9.156086921691895,9.159022331237793,9.190445899963379
9.15253734588623,9.100103378295898,9.165559768676758
9.158202171325684,9.175262451171875,9.162016868591309
9.166060447692871,9.112256050109863,9.177939414978027
9.158212661743164,9.165375709533691,9.131603240966797
9.160916328430176,9.067240715026855,9.159017562866211
9.162627220153809,9.165254592895508,9.173320770263672
9.173088073730469,9.146323204040527,9.166339874267578
9.157299995422363,9.155113220214844,9.190299987792969
9.16864013671875,9.104640007019043,9.17247200012207
9.183069229125977,9.16053581237793,9.172148704528809
9.16184139251709,9.107734680175781,9.182260513305664
9.152815818786621,9.148710250854492,9.17812728881836
9.158120155334473,9.154370307922363,9.167954444885254
9.168688774108887,9.105985641479492,9.162893295288086
9.157631874084473,9.151673316955566,9.176578521728516
9.151420593261719,9.120674133300781,9.188989639282227
9.159758567810059,9.167030334472656,9.16685962677002
9.166794776916504,9.09911823272705,9.178481101989746
9.157795906066895,9.165245056152344,9.166555404663086
9.157530784606934,9.097253799438477,9.185775756835938
9.282966613769531,9.18667221069336,9.175786018371582
9.1563081741333,9.155632019042969,9.096112251281738
9.143089294433594,9.110754013061523,9.013397216796875
9.151644706726074,9.16165542602539,9.012152671813965
9.184036254882812,9.10634708404541,9.17086124420166
9.163298606872559,9.15622329711914,9.174324035644531
9.151716232299805,9.088929176330566,9.165253639221191
9.163206100463867,9.174676895141602,9.12479305267334
9.152527809143066,9.093461990356445,9.01910400390625
9.159740447998047,9.171712875366211,9.16865062713623
9.150946617126465,9.153116226196289,9.109890937805176
9.157730102539062,9.115073204040527,9.172797203063965
9.165169715881348,9.167106628417969,9.098691940307617
9.160852432250977,9.099924087524414,9.164292335510254
9.157293319702148,9.122318267822266,9.178807258605957
9.15703296661377,9.145501136779785,9.175281524658203
9.171046257019043,9.154712677001953,9.15899658203125
9.155712127685547,9.103758811950684,9.166850090026855
9.155980110168457,9.175569534301758,9.15868091583252
9.159257888793945,9.111116409301758,9.149256706237793
9.153071403503418,9.1593656539917,9.17457103729248
9.157262802124023,9.104689598083496,9.098031997680664
9.154396057128906,9.164407730102539,9.020572662353516
9.156174659729004,9.079578399658203,9.206892013549805
9.172727584838867,9.158553123474121,9.084216117858887
9.15868854522705,9.105732917785645,9.16148853302002
9.158485412597656,9.159608840942383,9.119214057922363
9.16025161743164,9.107307434082031,9.012622833251953
9.111919403076172,9.152958869934082,9.176915168762207
9.158157348632812,9.110590934753418,9.099740028381348
9.164265632629395,9.16214656829834,9.170354843139648
9.168252944946289,9.102389335632324,9.163006782531738
9.167022705078125,9.183255195617676,9.167712211608887
9.153244972229004,9.141700744628906,9.18239688873291
9.096944808959961,9.162825584411621,9.169180870056152
9.109048843383789,9.10265064239502,9.122121810913086
9.09166431427002,9.16616153717041,9.016501426696777
9.164191246032715,9.097067832946777,9.174698829650879
9.156310081481934,9.155450820922852,9.173639297485352
9.163867950439453,9.110310554504395,9.174361228942871
9.117353439331055,9.1676607131958,9.061784744262695
9.16860580444336,9.13962173461914,9.169869422912598
9.149736404418945,9.151040077209473,9.188681602478027
9.172121047973633,9.15279769897461,9.154867172241211
9.167537689208984,9.117390632629395,9.172829627990723
9.156859397888184,9.1812162399292,9.165164947509766
9.151137351989746,9.051729202270508,9.206901550292969
9.178597450256348,9.147998809814453,9.13110637664795
9.156670570373535,9.11052131652832,9.011159896850586
9.155693054199219,9.167022705078125,9.17525863647461
9.155253410339355,9.109374046325684,9.086831092834473
9.169529914855957,9.104331970214844,9.021528244018555
9.166807174682617,9.157122611999512,9.180343627929688
9.151318550109863,9.115304946899414,9.173739433288574
9.157407760620117,9.16093635559082,9.15842342376709
9.17107105255127,9.122559547424316,9.013290405273438
9.15536880493164,9.154054641723633,9.170376777648926
9.160381317138672,9.158777236938477,9.178630828857422
9.154218673706055,9.090246200561523,9.163887023925781
9.174606323242188,9.161712646484375,9.127312660217285
9.156402587890625,9.10293197631836,9.175739288330078
9.153487205505371,9.162541389465332,9.132844924926758
9.153676986694336,9.098796844482422,9.162177085876465
9.177172660827637,9.162933349609375,9.157849311828613
9.161376953125,9.062487602233887,9.131982803344727
9.155191421508789,9.168304443359375,9.012417793273926
9.154470443725586,9.159902572631836,9.190624237060547
9.117302894592285,9.093127250671387,9.160623550415039
9.16394329071045,9.164595603942871,9.163983345031738
9.154705047607422,9.099467277526855,9.166367530822754
9.16799545288086,9.15221118927002,9.172293663024902
9.165949821472168,9.056779861450195,9.022337913513184
9.167092323303223,9.170097351074219,9.165685653686523
9.161309242248535,9.043961524963379,9.160466194152832
9.156079292297363,9.160568237304688,9.126991271972656
9.164380073547363,9.126477241516113,9.204937934875488
9.165299415588379,9.165755271911621,9.166071891784668
9.168380737304688,9.092053413391113,9.120698928833008
9.250815391540527,9.162307739257812,9.024894714355469
9.162691116333008,9.068758010864258,9.164101600646973
9.160114288330078,9.157549858093262,9.190510749816895
9.1588716506958,9.055496215820312,9.173539161682129
9.152148246765137,9.167047500610352,9.176912307739258
9.154292106628418,9.036808967590332,9.094374656677246
9.160078048706055,9.167269706726074,9.02286434173584
9.193374633789062,9.07007122039795,9.187990188598633
9.163140296936035,9.159038543701172,9.177532196044922
9.15708065032959,9.055341720581055,9.157999992370605
9.153717041015625,9.168740272521973,9.136895179748535
9.21504020690918,9.035362243652344,9.180749893188477
9.165888786315918,9.185919761657715,9.026154518127441
9.210307121276855,9.15019416809082,9.107345581054688
9.158806800842285,9.101755142211914,9.018272399902344
9.132156372070312,9.167099952697754,9.17522144317627
9.161792755126953,9.09508991241455,9.171688079833984
9.165512084960938,9.16499137878418,9.154837608337402
9.202689170837402,9.094361305236816,9.131720542907715
9.307977676391602,9.161284446716309,9.090248107910156
9.568657875061035,9.041853904724121,9.017290115356445
9.280627250671387,9.162220001220703,9.170358657836914
9.15183162689209,9.073385238647461,9.164154052734375
9.1605806350708,9.160343170166016,9.168445587158203
9.176220893859863,9.055375099182129,9.171332359313965
9.149431228637695,9.164846420288086,9.156070709228516
9.157479286193848,9.043055534362793,9.1871919631958
9.160039901733398,9.12269115447998,9.16355037689209
9.158567428588867,9.147024154663086,9.12230110168457
9.146191596984863,9.10192584991455,9.013506889343262
9.156103134155273,9.166078567504883,9.17066478729248
9.16125774383545,9.026573181152344,9.109371185302734
9.16245174407959,9.24202823638916,9.172759056091309
9.147855758666992,9.143341064453125,9.104191780090332
9.153742790222168,9.125561714172363,9.172713279724121
9.161514282226562,9.153807640075684,9.056296348571777
9.151948928833008,9.093366622924805,9.19386100769043
9.138106346130371,9.136122703552246,9.169373512268066
9.1537504196167,9.10281753540039,9.161372184753418
9.158766746520996,9.162033081054688,9.166302680969238
9.159283638000488,9.062931060791016,9.1747407913208
9.149935722351074,9.194631576538086,9.171546936035156
9.151578903198242,9.132844924926758,9.130396842956543
9.160730361938477,9.157533645629883,9.01225757598877
9.159908294677734,9.0921049118042,9.172077178955078
9.11793041229248,9.161134719848633,9.174402236938477
9.16083812713623,9.07995319366455,9.172405242919922
9.150116920471191,9.157902717590332,9.168776512145996
9.157515525817871,9.120382308959961,9.170666694641113
9.156307220458984,9.121076583862305,9.18127727508545
9.149771690368652,9.16452407836914,9.162702560424805
9.162178039550781,9.082059860229492,9.124337196350098
9.140166282653809,9.161117553710938,9.180825233459473
9.172767639160156,9.057418823242188,9.16911506652832
9.149816513061523,9.16751480102539,9.1810302734375
9.15683650970459,9.097094535827637,9.177684783935547
9.156270980834961,9.157468795776367,9.16190242767334
9.180277824401855,9.099662780761719,9.20750904083252
9.148844718933105,9.163538932800293,9.152835845947266
9.159651756286621,9.038955688476562,9.168961524963379
9.163993835449219,9.166626930236816,9.121411323547363
9.17089557647705,9.081449508666992,9.019271850585938
9.143773078918457,9.159318923950195,9.181943893432617
9.157803535461426,9.097429275512695,9.16939640045166
9.141732215881348,9.170666694641113,9.172335624694824
9.171295166015625,9.107443809509277,9.158712387084961
9.152956008911133,9.151090621948242,9.189640998840332
9.15920639038086,9.058540344238281,9.023983001708984
9.164172172546387,9.171409606933594,9.104687690734863
9.192144393920898,9.040525436401367,9.014654159545898
9.15731430053711,9.162203788757324,9.17280101776123
9.15701961517334,9.072912216186523,9.10151195526123
9.14887523651123,9.160322189331055,9.20345687866211
9.185042381286621,9.05824089050293,9.170658111572266
9.144465446472168,9.171244621276855,9.161520004272461
9.158224105834961,9.113653182983398,9.011422157287598
9.151986122131348,9.141730308532715,9.174568176269531
9.170127868652344,9.100914001464844,9.090130805969238
9.155289649963379,9.164128303527832,9.170365333557129
9.161054611206055,9.05431079864502,9.163105010986328
9.153816223144531,9.184672355651855,9.162717819213867
9.169363975524902,9.144376754760742,9.19102954864502
9.160750389099121,9.1620512008667,9.165121078491211
9.157638549804688,9.052871704101562,9.125334739685059
9.152318954467773,9.161453247070312,9.016156196594238
9.198240280151367,9.125638008117676,9.17493724822998
9.144092559814453,9.140877723693848,9.176413536071777
9.15886116027832,9.095787048339844,9.172747611999512
9.163858413696289,9.170552253723145,9.164039611816406
9.168702125549316,9.089385032653809,9.01826286315918
9.153586387634277,9.175318717956543,9.169963836669922
9.155365943908691,9.096108436584473,9.15893268585205
9.163217544555664,9.168121337890625,9.167997360229492
9.156428337097168,9.036093711853027,9.119197845458984
9.15103816986084,9.121291160583496,9.018746376037598
9.155230522155762,9.138069152832031,9.169126510620117
9.159835815429688,9.136639595031738,9.141058921813965
9.157416343688965,9.10086441040039,9.16908073425293
9.14372730255127,9.166592597961426,9.120019912719727
9.155461311340332,9.051825523376465,9.018050193786621
9.16046142578125,9.17990779876709,9.174015998840332
9.179121017456055,9.153512954711914,9.096959114074707
9.151126861572266,9.106715202331543,9.170412063598633
9.155996322631836,9.160128593444824,9.163751602172852
9.153691291809082,9.057369232177734,9.165465354919434
9.161828994750977,9.177193641662598,9.182376861572266
9.142760276794434,9.150871276855469,9.16592788696289
9.154966354370117,9.056119918823242,9.121660232543945
9.156489372253418,9.171419143676758,9.019449234008789
9.158379554748535,9.041561126708984,9.166214942932129
9.129389762878418,9.17233657836914,9.115015029907227
9.155350685119629,9.15142822265625,9.16942024230957
9.153901100158691,9.065606117248535,9.159857749938965
9.159587860107422,9.167694091796875,9.124849319458008
9.151544570922852,9.052952766418457,9.186149597167969
9.149619102478027,9.17656135559082,9.156330108642578
9.15292739868164,9.157102584838867,9.171546936035156
9.158306121826172,9.099180221557617,9.158388137817383
9.171573638916016,9.170331001281738,9.166598320007324
9.15388011932373,9.041875839233398,9.14572811126709
9.158402442932129,9.167973518371582,9.175107955932617
9.157787322998047,9.157662391662598,9.098233222961426
9.16903305053711,9.057914733886719,9.18062973022461
9.153081893920898,9.161413192749023,9.171699523925781
9.164527893066406,9.04008960723877,9.170284271240234
9.155990600585938,9.185982704162598,9.127098083496094
9.165589332580566,9.144523620605469,9.174677848815918
9.145110130310059,9.11269760131836,9.181686401367188
9.153936386108398,9.160932540893555,9.163175582885742
9.161921501159668,9.062971115112305,9.179102897644043
9.167840003967285,9.17216968536377,9.115567207336426
9.154151916503906,9.155835151672363,9.185317993164062
9.15750503540039,9.10336685180664,9.160628318786621
9.162684440612793,9.120830535888672,9.17485237121582
9.161238670349121,9.15962028503418,9.103548049926758
9.156064987182617,9.091614723205566,9.175451278686523
9.158646583557129,9.158428192138672,9.096503257751465
9.15746784210205,9.058646202087402,9.167753219604492
9.166715621948242,9.159749031066895,9.120655059814453
9.16059398651123,9.056346893310547,9.01697063446045
9.154627799987793,9.182252883911133,9.174029350280762
9.159283638000488,9.085739135742188,9.108797073364258
9.165656089782715,9.173771858215332,9.171162605285645
9.15988826751709,9.075243949890137,9.163896560668945
9.156928062438965,9.163863182067871,9.16671371459961
9.159623146057129,9.08957576751709,9.175193786621094
9.174540519714355,9.164801597595215,9.169267654418945
9.160962104797363,9.055838584899902,9.122450828552246
9.15572452545166,9.157553672790527,9.024855613708496
9.168621063232422,9.123481750488281,9.161225318908691
9.18906307220459,9.109674453735352,9.182332038879395
9.137495994567871,9.168747901916504,9.174835205078125
9.15807056427002,9.088407516479492,9.097899436950684
9.108217239379883,9.168855667114258,9.015969276428223
9.160348892211914,9.10929012298584,9.173995971679688
9.109353065490723,9.149886131286621,9.17276668548584
9.150562286376953,9.052668571472168,9.17807674407959
9.151254653930664,9.166799545288086,9.193029403686523
9.155776023864746,9.038101196289062,9.145472526550293
9.133824348449707,9.162995338439941,9.189422607421875
9.146968841552734,9.05816650390625,9.154529571533203
9.157044410705566,9.155961036682129,9.166359901428223
9.161471366882324,9.058547973632812,9.052912712097168
9.157387733459473,9.165721893310547,9.016131401062012
9.160698890686035,9.083396911621094,9.181961059570312
9.110589027404785,9.157432556152344,9.173258781433105
9.163402557373047,9.145795822143555,9.09349250793457
9.156558990478516,9.155614852905273,9.019113540649414
9.108610153198242,9.058671951293945,9.17358684539795
9.143027305603027,9.197898864746094,9.20537281036377
9.15303897857666,9.084539413452148,9.152301788330078
9.15915298461914,9.16008472442627,9.165945053100586
9.105475425720215,9.056987762451172,9.118124008178711
9.16361141204834,9.172592163085938,9.021084785461426
9.10075569152832,9.076586723327637,9.20742130279541
9.16797161102295,9.14684772491455,9.15510082244873
9.068650245666504,9.08508586883545,9.1705904006958
9.174334526062012,9.168546676635742,9.12670612335205
10.927846908569336,9.056685447692871,9.18682861328125
9.1560697555542,9.199748039245605,9.15844440460205
9.129352569580078,9.081672668457031,9.166825294494629
9.168112754821777,9.15981674194336,9.135420799255371
9.092826843261719,9.055780410766602,9.17286205291748
9.148979187011719,9.161083221435547,9.166342735290527
9.154193878173828,9.121430397033691,9.169713020324707
9.110522270202637,9.140621185302734,9.160417556762695
9.172290802001953,9.103074073791504,9.13125228881836
9.149852752685547,9.11767292022705,9.192059516906738
9.154252052307129,9.1204252243042,9.165087699890137
9.111748695373535,9.17461109161377,9.173794746398926
9.15876293182373,9.052687644958496,9.096861839294434
9.106746673583984,9.155691146850586,9.188895225524902
9.153318405151367,9.106154441833496,9.188337326049805
9.158013343811035,9.162116050720215,9.140362739562988
9.152501106262207,9.092503547668457,9.013894081115723
9.167388916015625,9.136740684509277,9.169563293457031
9.14952278137207,9.07343864440918,9.115072250366211
9.156920433044434,9.167184829711914,9.15937328338623
9.103801727294922,9.11192512512207,9.131778717041016
9.182799339294434,9.190544128417969,9.021320343017578
9.14959716796875,9.12937068939209,9.166223526000977
9.160451889038086,9.115080833435059,9.180447578430176
9.150436401367188,9.161198616027832,9.172167778015137
9.155937194824219,9.06091594696045,9.05447769165039
9.084668159484863,9.170052528381348,9.01341438293457
9.154062271118164,9.160873413085938,9.011171340942383
9.155625343322754,9.098349571228027,9.16829776763916
9.10558795928955,9.163410186767578,9.178130149841309
9.172698974609375,9.103240966796875,9.264803886413574
9.15278434753418,9.116717338562012,9.125133514404297
9.15546989440918,9.158828735351562,9.01414680480957
9.160115242004395,9.051499366760254,9.207489967346191
9.12063980102539,9.163359642028809,9.068931579589844
9.147990226745605,9.076759338378906,9.170296669006348
9.112224578857422,9.149470329284668,9.162980079650879
9.173213958740234,9.098477363586426,9.161883354187012
9.107073783874512,9.162623405456543,9.177261352539062
9.15621280670166,9.054534912109375,9.164562225341797
9.146142959594727,9.15322494506836,9.122369766235352
9.154170036315918,9.081974983215332,9.016304016113281
9.112849235534668,9.1572847366333,9.171677589416504
9.174577713012695,9.054069519042969,9.073857307434082
9.159012794494629,9.17012882232666,9.167501449584961
9.148968696594238,9.096216201782227,9.164778709411621
9.153841018676758,9.15546703338623,9.161775588989258
9.131304740905762,9.100676536560059,9.18565559387207
9.145386695861816,9.122453689575195,9.15156364440918
9.157018661499023,9.157657623291016,9.139147758483887
9.15216064453125,9.071134567260742,9.174681663513184
9.157655715942383,9.157671928405762,9.181727409362793
9.086540222167969,9.10087776184082,9.226249694824219
9.165120124816895,9.158926963806152,9.128193855285645
9.142707824707031,9.060434341430664,9.021697998046875
9.167120933532715,9.203668594360352,9.170804977416992
9.110039710998535,9.082159996032715,9.21115779876709
9.160709381103516,9.160401344299316,9.167777061462402
9.100751876831055,9.054147720336914,9.173129081726074
9.159754753112793,9.165450096130371,9.01681137084961
9.1063871383667,9.085415840148926,9.20173454284668
9.13658618927002,9.163765907287598,9.137014389038086
9.156900405883789,9.093533515930176,9.174201965332031
9.11083984375,9.16167163848877,9.126538276672363
9.159799575805664,9.055139541625977,9.017861366271973
9.115276336669922,9.18993091583252,9.209127426147461
9.156123161315918,9.091548919677734,9.142416000366211
9.111591339111328,9.157201766967773,9.011773109436035
9.16253662109375,9.058356285095215,9.176352500915527
9.105578422546387,9.159889221191406,9.16126537322998
9.181832313537598,9.09203815460205,9.18858814239502
9.144035339355469,9.163698196411133,9.171334266662598
9.158727645874023,9.086483001708984,9.058706283569336
9.106660842895508,9.133354187011719,9.010978698730469
9.171092987060547,9.154472351074219,9.17383098602295
9.158293724060059,9.171099662780762,9.102702140808105
9.105354309082031,9.146912574768066,9.1641206741333
9.158839225769043,9.103697776794434,9.174578666687012
9.110651969909668,9.16004753112793,9.094671249389648
9.178359985351562,9.05296802520752,9.02428150177002
9.150837898254395,9.186962127685547,9.163497924804688
9.1118803024292,9.156756401062012,9.129875183105469
9.157469749450684,9.095577239990234,9.015296936035156
9.134446144104004,9.16993522644043,9.171791076660156
9.149578094482422,9.07861614227295,9.09608268737793
9.151460647583008,9.125214576721191,9.017104148864746
9.160637855529785,9.154988288879395,9.187847137451172
9.106685638427734,9.058473587036133,9.176210403442383
9.174501419067383,9.165535926818848,9.103818893432617
9.149138450622559,9.076763153076172,9.169716835021973
9.159016609191895,9.149713516235352,9.125371932983398
9.156413078308105,9.100516319274902,9.170398712158203
9.127293586730957,9.163708686828613,9.164833068847656
9.148799896240234,9.055777549743652,9.11849594116211
9.158984184265137,9.169645309448242,9.027342796325684
9.114909172058105,9.07360553741455,9.164862632751465
9.15496826171875,9.15914535522461,9.141461372375488
9.091692924499512,9.053171157836914,9.01192569732666
9.154657363891602,9.164082527160645,9.166770935058594
9.148531913757324,9.057872772216797,9.13132381439209
9.172744750976562,9.12214183807373,9.18426513671875
9.089699745178223,9.155284881591797,9.160263061523438
9.155108451843262,9.110346794128418,9.159772872924805
9.11398983001709,9.1506986618042,9.1836576461792
9.15809154510498,9.121808052062988,9.094408988952637
9.151925086975098,9.15524959564209,9.166333198547363
9.14736270904541,9.158522605895996,9.158723831176758
9.167886734008789,9.054908752441406,9.1736421585083
9.10326862335205,9.170563697814941,9.100382804870605
9.167607307434082,9.110915184020996,9.192386627197266
9.092020988464355,9.15939998626709,9.174620628356934
9.165319442749023,9.053332328796387,9.161537170410156
9.088846206665039,9.170654296875,9.182807922363281
9.161340713500977,9.034601211547852,9.109077453613281
9.146109580993652,9.207792282104492,9.157977104187012
9.142128944396973,9.07115650177002,9.154986381530762
9.15843677520752,9.167779922485352,9.127472877502441
9.109951972961426,9.092348098754883,9.022658348083496
9.164244651794434,9.163538932800293,9.188465118408203
9.085631370544434,9.103240013122559,9.16185188293457
9.155173301696777,9.137911796569824,9.125967025756836
9.102960586547852,9.052278518676758,9.019758224487305
9.166858673095703,9.16324520111084,9.168253898620605
9.105756759643555,9.053184509277344,9.171713829040527
9.160630226135254,9.18235969543457,9.024531364440918
9.157856941223145,9.097907066345215,9.157867431640625
9.159040451049805,9.14907169342041,9.121378898620605
9.15638256072998,9.110841751098633,9.016544342041016
9.145742416381836,9.158638000488281,9.174847602844238
9.153386116027832,9.127965927124023,9.092058181762695
9.158330917358398,9.148666381835938,9.166028022766113
9.143767356872559,9.059490203857422,9.124093055725098
9.177314758300781,9.167864799499512,9.021974563598633
9.153682708740234,9.036759376525879,9.166328430175781
9.156951904296875,9.205527305603027,9.182374000549316
9.110564231872559,9.053028106689453,9.161026954650879
9.168970108032227,9.166515350341797,9.122297286987305
9.160737991333008,9.088987350463867,9.018779754638672
9.108330726623535,9.166276931762695,9.01083755493164
9.165074348449707,9.05847454071045,9.185150146484375
9.106529235839844,9.150516510009766,9.148554801940918
9.178459167480469,9.056134223937988,9.02066421508789
9.154317855834961,9.168545722961426,9.163804054260254
9.15543270111084,9.062432289123535,9.163070678710938
9.155813217163086,9.166186332702637,9.173827171325684
9.168423652648926,9.058150291442871,9.020265579223633
9.158514976501465,9.158829689025879,9.154561996459961
9.107978820800781,9.054954528808594,9.12024211883545
9.165706634521484,9.16917610168457,9.018094062805176
9.118935585021973,9.053641319274902,9.173521041870117
9.130529403686523,9.178245544433594,9.192117691040039
9.157909393310547,9.097371101379395,9.168978691101074
9.110247611999512,9.119165420532227,9.184767723083496
9.166343688964844,9.117916107177734,9.146261215209961
9.17623519897461,9.117461204528809,9.186884880065918
9.149754524230957,9.176459312438965,9.1634521484375
9.157398223876953,9.15147590637207,9.170814514160156
9.10766887664795,9.064436912536621,9.171649932861328
9.175357818603516,9.163355827331543,9.181330680847168
9.159029960632324,9.055030822753906,9.01748275756836
9.104260444641113,9.177922248840332,9.160879135131836
9.176589012145996,9.14924144744873,9.119805335998535
9.090134620666504,9.06696605682373,9.018707275390625
9.180205345153809,9.173792839050293,9.18862533569336
9.14957332611084,9.073663711547852,9.101654052734375
9.16777515411377,9.185107231140137,9.163473129272461
9.101558685302734,9.148208618164062,9.187175750732422
9.173521041870117,9.116045951843262,9.081780433654785
9.161953926086426,9.157198905944824,9.201310157775879
9.107454299926758,9.139885902404785,9.158268928527832
9.162542343139648,9.14118766784668,9.01232624053955
9.106740951538086,9.09455394744873,9.170943260192871
9.17716121673584,9.12057113647461,9.095081329345703
9.152454376220703,9.162435531616211,9.195453643798828
9.162067413330078,9.103997230529785,9.169984817504883
9.110547065734863,9.113359451293945,9.092989921569824
9.180180549621582,9.10148811340332,9.021196365356445
9.151741027832031,9.163323402404785,9.178677558898926
9.156756401062012,9.055265426635742,9.100809097290039
9.15719223022461,9.208599090576172,9.021950721740723
9.200905799865723,9.070549011230469,9.16329574584961
9.149025917053223,9.160477638244629,9.162158966064453
9.16012954711914,9.061381340026855,9.175594329833984
9.163212776184082,9.162020683288574,9.175150871276855
9.184225082397461,9.141586303710938,9.018741607666016
9.156364440917969,9.135418891906738,9.16206169128418
9.1553955078125,9.06300163269043,9.122295379638672
9.1605806350708,9.156195640563965,9.016166687011719
9.107428550720215,9.073912620544434,9.17386531829834
9.1751127243042,9.192855834960938,9.092364311218262
9.156845092773438,9.141087532043457,9.167672157287598
9.149092674255371,9.150259971618652,9.12244987487793
9.165600776672363,9.115574836730957,9.018198013305664
9.120620727539062,9.151474952697754,9.182655334472656
9.14401626586914,9.085657119750977,9.060711860656738
9.162235260009766,9.15700912475586,9.167269706726074
9.158098220825195,9.065577507019043,9.121478080749512
9.168387413024902,9.165294647216797,9.016020774841309
9.165680885314941,9.055198669433594,9.169544219970703
9.153210639953613,9.179061889648438,9.183789253234863
9.159232139587402,9.145119667053223,9.16614055633545
9.115884780883789,9.106910705566406,9.167373657226562
9.15364933013916,9.167512893676758,9.15861701965332
9.15779972076416,9.102378845214844,9.18468189239502
9.161725997924805,9.15045166015625,9.164633750915527
9.161498069763184,9.154889106750488,9.16245174407959
9.177785873413086,9.158625602722168,9.173273086547852
9.147157669067383,9.158736228942871,9.18198299407959
9.171351432800293,9.172248840332031,9.16759204864502
9.104361534118652,9.148128509521484,9.16062068939209
9.176732063293457,9.045967102050781,9.16218090057373
9.153353691101074,9.166838645935059,9.201947212219238
9.157509803771973,9.097850799560547,9.153656005859375
9.158441543579102,9.174211502075195,9.173797607421875
9.109034538269043,9.154929161071777,9.108195304870605
9.167552947998047,9.151619911193848,9.177512168884277
9.138360977172852,9.15834903717041,9.089096069335938
9.16927433013916,9.092327117919922,9.175497055053711
9.088693618774414,9.15683364868164,9.173883438110352
9.185608863830566,9.105673789978027,9.0973482131958
9.136512756347656,9.167266845703125,9.210856437683105
9.166359901428223,9.101381301879883,9.153834342956543
9.111480712890625,9.18564224243164,9.181228637695312
9.190821647644043,9.152008056640625,9.095166206359863
9.14467716217041,9.158670425415039,9.214475631713867
9.163747787475586,9.099538803100586,9.086795806884766
9.170123100280762,9.209503173828125,9.1633939743042
9.18126106262207,9.124191284179688,9.175324440002441
9.163677215576172,9.174996376037598,9.162640571594238
9.106663703918457,9.098088264465332,9.19229507446289
9.162936210632324,9.16755485534668,9.169672012329102
9.109391212463379,9.080103874206543,9.17531967163086
9.17786979675293,9.162775039672852,9.179911613464355
9.155580520629883,9.051773071289062,9.145445823669434
9.107398986816406,9.17579174041748,9.176778793334961
9.16165542602539,9.067462921142578,9.164456367492676
9.134684562683105,9.186639785766602,9.170941352844238
9.14842414855957,9.143669128417969,9.178664207458496
9.153693199157715,9.10871696472168,9.176198959350586
9.154690742492676,9.125450134277344,9.163785934448242
9.106267929077148,9.176371574401855,9.172951698303223
9.183727264404297,9.097915649414062,9.184327125549316
9.150920867919922,9.164220809936523,9.16561222076416
9.159667015075684,9.092342376708984,9.172764778137207
9.109190940856934,9.17387580871582,9.165932655334473
9.170510292053223,9.104641914367676,9.192895889282227
9.16547679901123,9.159819602966309,9.173276901245117
9.109017372131348,9.05782413482666,9.171985626220703
9.163968086242676,9.169432640075684,9.167815208435059
9.102890968322754,9.035055160522461,9.194912910461426
9.199713706970215,9.167080879211426,9.177769660949707
9.131292343139648,9.160013198852539,9.178240776062012
9.164694786071777,9.145580291748047,9.181156158447266
9.103592872619629,9.107977867126465,9.186497688293457
9.194591522216797,9.16226577758789,9.17655086517334
9.136625289916992,9.104385375976562,9.175312042236328
9.160930633544922,9.159774780273438,9.167259216308594
9.107144355773926,9.053840637207031,9.17016315460205
9.148066520690918,9.165478706359863,9.168805122375488
9.1544828414917,9.038544654846191,9.160894393920898
9.044286727905273,9.17465877532959,9.125807762145996
9.175348281860352,9.157676696777344,9.191636085510254
9.163782119750977,9.054973602294922,9.166463851928711
9.163362503051758,9.167945861816406,9.160243034362793
9.102564811706543,9.04194164276123,9.132079124450684
9.160386085510254,9.178786277770996,9.202463150024414
9.108821868896484,9.14426326751709,9.139892578125
9.157323837280273,9.158551216125488,9.011983871459961
9.150392532348633,9.101290702819824,9.171539306640625
9.154237747192383,9.162282943725586,9.16519832611084
9.116925239562988,9.078110694885254,9.224443435668945
9.177335739135742,9.1658296585083,9.141518592834473
9.136303901672363,9.098088264465332,9.024577140808105
9.165142059326172,9.157618522644043,9.164508819580078
9.104924201965332,9.055001258850098,9.085744857788086
9.183733940124512,9.183795928955078,9.167047500610352
9.152131080627441,9.088786125183105,9.16658878326416
9.164077758789062,9.166330337524414,9.173945426940918
9.110973358154297,9.056279182434082,9.168120384216309
9.162494659423828,9.169478416442871,9.074498176574707
9.096329689025879,9.114797592163086,9.126530647277832
9.151449203491211,9.149786949157715,9.172679901123047
9.160155296325684,9.058953285217285,9.110787391662598
9.110153198242188,9.165287971496582,9.109479904174805
9.197505950927734,9.095471382141113,9.180581092834473
9.141153335571289,9.1808500289917,9.167808532714844
9.161321640014648,9.149160385131836,9.131976127624512
9.105449676513672,9.06520938873291,9.170291900634766
9.164946556091309,9.173245429992676,9.165060043334961
9.11209774017334,9.073357582092285,9.121054649353027
9.144091606140137,9.180503845214844,9.020995140075684
9.10902214050293,9.094614028930664,9.172908782958984
9.161585807800293,9.162324905395508,9.078874588012695
9.109766960144043,9.055611610412598,9.167724609375
9.150961875915527,9.161235809326172,9.120471000671387
9.159244537353516,9.068053245544434,9.013838768005371
9.159011840820312,9.161892890930176,9.177241325378418
9.10750675201416,9.059497833251953,9.104682922363281
9.178338050842285,9.162198066711426,9.173548698425293
9.147839546203613,9.111406326293945,9.097187042236328
9.159655570983887,9.148109436035156,9.01953411102295
9.115413665771484,9.166643142700195,9.16623306274414
9.168078422546387,9.088147163391113,9.179549217224121
9.15762996673584,9.170178413391113,9.026287078857422
9.107812881469727,9.079455375671387,9.003149032592773
9.163164138793945,9.161423683166504,9.163250923156738
9.11138916015625,9.106045722961426,9.119736671447754
9.176769256591797,9.159930229187012,9.021927833557129
9.143569946289062,9.050969123840332,9.204750061035156
9.159560203552246,9.20193099975586,9.163415908813477
9.113286972045898,9.080427169799805,9.17012882232666
9.169087409973145,9.16588020324707,9.166035652160645
9.160106658935547,9.051974296569824,9.199278831481934
9.105213165283203,9.146965980529785,9.151507377624512
9.177163124084473,9.118037223815918,9.018736839294434
9.088747024536133,9.152255058288574,9.167729377746582
9.184576034545898,9.05702018737793,9.161264419555664
9.146272659301758,9.166918754577637,9.190950393676758
9.15524959564209,9.040740966796875,9.177785873413086
9.164449691772461,9.171961784362793,9.168336868286133
9.105608940124512,9.072197914123535,9.124670028686523
9.15892219543457,9.153865814208984,9.179150581359863
9.112774848937988,9.055867195129395,9.1725492477417
9.162773132324219,9.172135353088379,9.165824890136719
9.113725662231445,9.076506614685059,9.164511680603027
9.192009925842285,9.163578033447266,9.205970764160156
9.149566650390625,9.092138290405273,9.139664649963379
9.162857055664062,9.16096305847168,9.18309497833252
9.173851013183594,9.061507225036621,9.094512939453125
9.11147689819336,9.161336898803711,9.182027816772461
9.156949043273926,9.081912994384766,9.1379976272583
9.108976364135742,9.16259765625,9.17004108428955
9.165303230285645,9.103935241699219,9.104697227478027
9.112430572509766,9.165637016296387,9.010947227478027
9.157909393310547,9.128697395324707,9.177124977111816
9.149592399597168,9.140399932861328,9.092883110046387
9.156546592712402,9.052703857421875,9.168575286865234
9.109312057495117,9.165804862976074,9.06169605255127
9.183818817138672,9.036158561706543,9.015837669372559
9.15280818939209,9.164340019226074,9.169090270996094
9.159582138061523,9.056522369384766,9.143099784851074
9.10507869720459,9.167889595031738,9.162298202514648
9.18260669708252,9.08724594116211,9.171822547912598
9.150527000427246,9.126399993896484,9.056427955627441
9.155752182006836,9.190674781799316,9.01362419128418
9.110997200012207,9.135459899902344,9.1716947555542
9.159008026123047,9.155299186706543,9.083173751831055
9.1234769821167,9.071640968322754,9.164372444152832
9.154695510864258,9.162609100341797,9.16398811340332
9.109465599060059,9.106240272521973,9.16469955444336
9.164531707763672,9.164420127868652,9.18544864654541
9.112517356872559,9.059664726257324,9.017229080200195
9.137624740600586,9.157898902893066,9.169321060180664
9.156614303588867,9.061286926269531,9.016905784606934
9.149862289428711,9.165966033935547,9.174317359924316
9.170684814453125,9.155567169189453,9.097389221191406
9.098668098449707,9.053565979003906,9.183639526367188
9.151851654052734,9.17040729522705,9.149211883544922
9.113717079162598,9.0346097946167,9.027978897094727
9.186199188232422,9.20685863494873,9.160527229309082
9.091778755187988,9.072468757629395,9.175198554992676
9.149425506591797,9.165064811706543,9.020910263061523
9.155964851379395,9.045622825622559,9.164774894714355
9.155693054199219,9.16923713684082,9.117481231689453
9.168301582336426,9.055971145629883,9.023843765258789
9.085347175598145,9.154430389404297,9.169952392578125
9.15522289276123,9.103636741638184,9.11608600616455
9.157254219055176,9.168364524841309,9.17099666595459
9.107521057128906,9.053878784179688,9.057452201843262
9.178444862365723,9.160235404968262,9.01858139038086
9.148054122924805,9.06837272644043,9.158454895019531
9.170870780944824,9.16207504272461,9.186347961425781
9.146283149719238,9.094864845275879,9.179980278015137
9.158910751342773,9.162812232971191,9.09048080444336
9.089933395385742,9.093618392944336,9.018194198608398
9.153702735900879,9.153992652893066,9.008933067321777
9.118470191955566,9.053689956665039,9.01380729675293
9.158318519592285,9.166226387023926,9.169862747192383
9.116724967956543,9.043936729431152,9.141523361206055
9.156489372253418,9.162367820739746,9.175039291381836
9.166589736938477,9.087113380432129,9.102034568786621
9.097405433654785,9.16722583770752,9.027846336364746
9.172955513000488,9.158060073852539,9.162607192993164
9.089299201965332,9.052525520324707,9.154582977294922
9.151723861694336,9.166337966918945,9.165637016296387
9.156641960144043,9.05859661102295,9.126182556152344
9.110503196716309,9.162738800048828,9.177659034729004
9.197901725769043,9.052642822265625,9.148902893066406
9.139704704284668,9.168083190917969,9.174437522888184
9.163179397583008,9.10698127746582,9.101284980773926
9.112932205200195,9.144471168518066,9.011455535888672
9.161197662353516,9.153973579406738,9.018073081970215
9.105467796325684,9.061144828796387,9.186676025390625
9.158390998840332,9.167085647583008,9.165909767150879
9.10816764831543,9.07016372680664,9.161014556884766
9.165114402770996,9.121833801269531,9.116358757019043
9.153385162353516,9.155569076538086,9.02208137512207
9.152522087097168,9.061762809753418,9.177400588989258
9.163298606872559,9.157674789428711,9.172514915466309
9.111285209655762,9.130777359008789,9.119245529174805
9.159544944763184,9.145959854125977,9.019968032836914
9.085363388061523,9.107298851013184,9.174607276916504
9.153950691223145,9.116602897644043,9.103493690490723
9.107518196105957,9.161730766296387,9.159912109375
9.167062759399414,9.112098693847656,9.011649131774902
9.102027893066406,9.139379501342773,9.17481517791748
9.158896446228027,9.09356689453125,9.098474502563477
9.147814750671387,9.174437522888184,9.018584251403809
9.158066749572754,9.072609901428223,9.179336547851562
9.110495567321777,9.180657386779785,9.165519714355469
9.17836856842041,9.152939796447754,9.206393241882324
9.148902893066406,9.063623428344727,9.143839836120605
9.159077644348145,9.165201187133789,9.188840866088867
9.10698413848877,9.057258605957031,9.176519393920898
9.20268440246582,9.173974990844727,9.162215232849121
9.12857723236084,9.099428176879883,9.1742582321167
9.16586685180664,9.168601036071777,9.154561042785645
9.106208801269531,9.035684585571289,9.157744407653809
9.166478157043457,9.163155555725098,9.17438793182373
9.088685989379883,9.095024108886719,9.162919044494629
9.165262222290039,9.139765739440918,9.019347190856934
9.106657028198242,9.09653377532959,9.104464530944824
9.163076400756836,9.171295166015625,9.027005195617676
9.119013786315918,9.036046981811523,9.16358470916748
9.157238960266113,9.181351661682129,9.162495613098145
9.157801628112793,9.149847984313965,9.124634742736816
9.1524019241333,9.065521240234375,9.191264152526855
9.160150527954102,9.16211223602295,9.176008224487305
9.085494995117188,9.055083274841309,9.097725868225098
9.152059555053711,9.200632095336914,9.181234359741211
9.106735229492188,9.082542419433594,9.094991683959961
9.167317390441895,9.164779663085938,9.165515899658203
9.095683097839355,9.051548957824707,9.157395362854004
9.153803825378418,9.168740272521973,9.122040748596191
9.159754753112793,9.087529182434082,9.021531105041504
9.148743629455566,9.151643753051758,9.025317192077637
9.166730880737305,9.157258987426758,9.166964530944824
9.097724914550781,9.098217010498047,9.138378143310547
9.151147842407227,9.16704273223877,9.084965705871582
9.16048526763916,9.098837852478027,9.016634941101074
9.106829643249512,9.165717124938965,9.16738510131836
9.17332935333252,9.037872314453125,9.063131332397461
9.158380508422852,9.162357330322266,9.189353942871094
9.10747241973877,9.043038368225098,9.172944068908691
9.169536590576172,9.196893692016602,9.057732582092285
9.108633041381836,9.087986946105957,9.01912784576416
9.177167892456055,9.159093856811523,9.163433074951172
9.150392532348633,9.06094741821289,9.178572654724121
9.15434741973877,9.163817405700684,9.176725387573242
9.108592987060547,9.109721183776855,9.101156234741211
9.174705505371094,9.16789722442627,9.011248588562012
9.161215782165527,9.08644962310791,9.173774719238281
9.107536315917969,9.161181449890137,9.14714527130127
9.1663818359375,9.059571266174316,9.157855987548828
9.108185768127441,9.165966033935547,9.173884391784668
9.17603588104248,9.103503227233887,9.10531234741211
9.158724784851074,9.17062759399414,9.013232231140137
9.109678268432617,9.073691368103027,9.177945137023926
9.164501190185547,9.164563179016113,9.166764259338379
9.122086524963379,9.105860710144043,9.121753692626953
9.159278869628906,9.142574310302734,9.021650314331055
9.158714294433594,9.149761199951172,9.012593269348145
9.149308204650879,9.120759010314941,9.168717384338379
9.157678604125977,9.155445098876953,9.179444313049316
9.108085632324219,9.097155570983887,9.167807579040527
9.152490615844727,9.16030502319336,9.053046226501465
9.144211769104004,9.0481538772583,9.017033576965332
9.159333229064941,9.171649932861328,9.169150352478027
9.112570762634277,9.036404609680176,9.119278907775879
9.167350769042969,9.180428504943848,9.165496826171875
9.10607624053955,9.098917961120605,9.16068172454834
9.16585636138916,9.157952308654785,9.126825332641602
9.109804153442383,9.056381225585938,9.014612197875977
9.174662590026855,9.162751197814941,9.177523612976074
9.151265144348145,9.089295387268066,9.027429580688477
9.155664443969727,9.15771198272705,9.150399208068848
9.109515190124512,9.093873977661133,9.059181213378906
9.175827026367188,9.167383193969727,9.022021293640137
9.162339210510254,9.05229663848877,9.163726806640625
9.107990264892578,9.188557624816895,9.186346054077148
9.166030883789062,9.143017768859863,9.166243553161621
9.095373153686523,9.063934326171875,9.131951332092285
9.176957130432129,9.16562557220459,9.172710418701172
9.147292137145996,9.051015853881836,9.181934356689453
9.157729148864746,9.174928665161133,9.158761024475098
9.11327075958252,9.15805435180664,9.174132347106934
9.177294731140137,9.053256034851074,9.107776641845703
9.151398658752441,9.168078422546387,9.167289733886719
9.18297290802002,9.049220085144043,9.158896446228027
9.083956718444824,9.182644844055176,9.170647621154785
9.165007591247559,9.096158027648926,9.021464347839355
9.094883918762207,9.167658805847168,9.156835556030273
9.155583381652832,9.084972381591797,9.16453742980957
9.108182907104492,9.173988342285156,9.132397651672363
9.163838386535645,9.083328247070312,9.022666931152344
9.111604690551758,9.159725189208984,9.168105125427246
9.158586502075195,9.055505752563477,9.171211242675781
9.152624130249023,9.168822288513184,9.122281074523926
9.153656005859375,9.034610748291016,9.164695739746094
9.109786033630371,9.187026977539062,9.163743019104004
9.184388160705566,9.09412670135498,9.170801162719727
9.151354789733887,9.158687591552734,9.099231719970703
9.161405563354492,9.094598770141602,9.16888427734375
9.105764389038086,9.168155670166016,9.16047191619873
9.176201820373535,9.094725608825684,9.130631446838379
9.156954765319824,9.162690162658691,9.019540786743164
9.111052513122559,9.088393211364746,9.174558639526367
9.166640281677246,9.163822174072266,9.091386795043945
9.112401008605957,9.055974006652832,9.172492027282715
9.172603607177734,9.18370532989502,9.161709785461426
9.157048225402832,9.151962280273438,9.163357734680176
9.153125762939453,9.062599182128906,9.176665306091309
9.11304759979248,9.164429664611816,9.172539710998535
9.173303604125977,9.038605690002441,9.057677268981934
9.159977912902832,9.170748710632324,9.017854690551758
9.110280990600586,9.109606742858887,9.16819953918457
9.16535758972168,9.164642333984375,9.1839017868042
9.104782104492188,9.099393844604492,9.166364669799805
9.185721397399902,9.171097755432129,9.163232803344727
9.15432071685791,9.109368324279785,9.165997505187988
9.15595817565918,9.157243728637695,9.179539680480957
9.11046028137207,9.1006441116333,9.164876937866211
9.180331230163574,9.160322189331055,9.160354614257812
9.138775825500488,9.057021141052246,9.171957015991211
9.158188819885254,9.179752349853516,9.175411224365234
9.105902671813965,9.153665542602539,9.079554557800293
9.166399955749512,9.106295585632324,9.16972541809082
9.083969116210938,9.158746719360352,9.126520156860352
9.152377128601074,9.079258918762207,9.171671867370605
9.15413761138916,9.15952205657959,9.182589530944824
9.15994644165039,9.10189437866211,9.158315658569336
9.116532325744629,9.159908294677734,9.132598876953125
9.170546531677246,9.054306983947754,9.17124080657959
9.100630760192871,9.16683578491211,9.161718368530273
9.167059898376465,9.071158409118652,9.167587280273438
9.155848503112793,9.16622257232666,9.172212600708008
9.147533416748047,9.05337142944336,9.155322074890137
9.156140327453613,9.169225692749023,9.212160110473633
9.161134719848633,9.080764770507812,9.149829864501953
9.10258960723877,9.160008430480957,9.012955665588379
9.173005104064941,9.103876113891602,9.174476623535156
9.155043601989746,9.157170295715332,9.097179412841797
9.160422325134277,9.09347152709961,9.017217636108398
9.14930534362793,9.135001182556152,9.1915283203125
9.179244995117188,9.088865280151367,9.172242164611816
9.149892807006836,9.153457641601562,9.165431022644043
9.153950691223145,9.056368827819824,9.179128646850586
9.110570907592773,9.161864280700684,9.128118515014648
9.161541938781738,9.094853401184082,9.162819862365723
9.108741760253906,9.123832702636719,9.170186996459961
9.150120735168457,9.148599624633789,9.158407211303711
9.115221977233887,9.065775871276855,9.125144004821777
9.162273406982422,9.149662017822266,9.170948028564453
9.144765853881836,9.14083194732666,9.157768249511719
9.14723014831543,9.133054733276367,9.119954109191895
9.154516220092773,9.057995796203613,9.021175384521484
9.156795501708984,9.168594360351562,9.172402381896973
9.111370086669922,9.040807723999023,9.106517791748047
9.177912712097168,9.165307998657227,9.16219711303711
9.151165008544922,9.076321601867676,9.122291564941406
9.110267639160156,9.164512634277344,9.017332077026367
9.172515869140625,9.090354919433594,9.173272132873535
9.188127517700195,9.167548179626465,9.074220657348633
9.154255867004395,9.09619140625,9.17129898071289
9.1557035446167,9.15346908569336,9.094183921813965
9.156766891479492,9.10311222076416,9.020357131958008
9.146148681640625,9.163432121276855,9.16971492767334
9.148978233337402,9.052658081054688,9.184513092041016
9.155929565429688,9.216836929321289,9.168708801269531
9.16252613067627,9.070758819580078,9.063299179077148
9.111958503723145,9.176944732666016,9.1719331741333
9.17789077758789,9.151790618896484,9.098726272583008
9.159826278686523,9.111684799194336,9.193429946899414
9.158406257629395,9.144463539123535,9.171433448791504
9.153053283691406,9.147455215454102,9.098468780517578
9.125819206237793,9.11148452758789,9.016785621643066
9.15113639831543,9.160696029663086,9.017369270324707
9.114472389221191,9.12615966796875,9.162007331848145
9.15963077545166,9.149502754211426,9.140012741088867
9.113285064697266,9.116990089416504,9.012744903564453
9.142034530639648,9.161402702331543,9.167593002319336
9.155433654785156,9.108145713806152,9.127496719360352
9.156497955322266,9.176705360412598,9.196043014526367
9.109476089477539,9.149930953979492,9.164491653442383
9.178945541381836,9.106843948364258,9.15817928314209
9.153327941894531,9.164949417114258,9.125086784362793
9.112541198730469,9.077305793762207,9.01319408416748
