1K,16K,64K,256K,1M
8.2316048E7,4.08216384E8,7.09102784E8,1.01028512E9,1.126113664E9
1.11561064E8,5.09563904E8,6.24837056E8,1.04583968E9,1.135642496E9
8.6091864E7,6.84512512E8,7.29858688E8,1.022458496E9,1.141516544E9
8.3400056E7,6.79919424E8,7.40108544E8,1.047614016E9,1.142421504E9
1.01045824E8,6.80784448E8,7.35540864E8,1.05191744E9,1.143827328E9
1.57230224E8,6.49250496E8,7.36934912E8,1.034582528E9,1.141402112E9
1.664032E8,7.3582496E8,7.1048352E8,1.054274112E9,1.135095936E9
1.60869984E8,6.3603872E8,7.83993792E8,1.055692288E9,1.14337152E9
1.58992624E8,6.97928E8,7.4108128E8,1.052325248E9,1.140329728E9
9.4093736E7,4.99890656E8,7.43017088E8,1.034690368E9,1.137812224E9
1.03343152E8,6.8672768E8,7.47002112E8,1.050635712E9,1.142598144E9
1.74907728E8,8.06650816E8,7.32376896E8,1.027528128E9,1.143818752E9
1.64468272E8,6.9564608E8,7.39750976E8,1.03049824E9,1.14265216E9
1.59119104E8,7.37918848E8,7.31035904E8,1.0564272E9,1.142230784E9
1.64087744E8,5.152664E8,7.31282304E8,1.041640448E9,1.138632192E9
1.58752832E8,6.17355392E8,7.29139456E8,1.043494144E9,1.122768256E9
1.36757744E8,7.58347776E8,7.38583104E8,1.047153792E9,1.132792576E9
1.04908672E8,8.00844864E8,7.35202048E8,1.050994112E9,1.138558464E9
9.0185152E7,6.88477056E8,7.35298304E8,1.0414992E9,1.142066816E9
1.16710624E8,7.40648128E8,7.29654016E8,1.052500416E9,1.13893312E9
8.3712832E7,5.11482784E8,7.43803776E8,1.056851584E9,1.123888128E9
8.868472E7,6.07992832E8,7.35796224E8,1.034639808E9,1.133368576E9
8.3195368E7,6.95758016E8,7.83057536E8,1.056068992E9,1.143848704E9
9.14294E7,6.94507712E8,7.3310336E8,1.045529152E9,1.144033664E9
9.1702728E7,6.59309888E8,7.78183552E8,1.054531648E9,1.137340544E9
8.819664E7,6.75142528E8,7.33121024E8,1.056399296E9,1.143494144E9
8.8739016E7,4.7121328E8,7.38714368E8,1.051450432E9,1.123044992E9
6.8675184E7,5.20553728E8,7.368704E8,1.03430336E9,1.128121344E9
7.5688768E7,5.04935744E8,7.37684096E8,1.050470592E9,8.69398656E8
1.32996408E8,7.36746624E8,7.35659264E8,1.026651584E9,1.14332864E9
1.16593608E8,8.46430976E8,7.32711424E8,1.052265088E9,1.144326656E9
6.0791384E7,4.64198656E8,7.39380928E8,1.05532544E9,1.142644608E9
8.5276208E7,6.8608864E8,7.36016256E8,1.035187904E9,1.139825024E9
8.6146E7,5.86579072E8,7.38827776E8,1.047977728E9,1.134578176E9
1.0704116E8,6.80428352E8,7.32741632E8,1.028765632E9,1.12338048E9
8.5521248E7,6.38816896E8,7.31814976E8,1.054850112E9,1.130197632E9
3.1464054E7,6.49134656E8,7.3841184E8,1.041026624E9,1.12221248E9
8.4186424E7,5.24490432E8,7.31054272E8,1.053193664E9,1.120005376E9
8.634236E7,7.03058752E8,7.36820416E8,1.05581856E9,1.121283456E9
8.7453104E7,6.2641184E8,7.33152128E8,1.037384704E9,1.121778816E9
8.6559848E7,6.15597696E8,7.3313696E8,1.0546528E9,1.138673152E9
8.9559192E7,7.2752736E8,7.28019776E8,1.036327296E9,1.144081024E9
8.5315496E7,6.26875712E8,7.39688576E8,1.052938496E9,1.13703488E9
8.9371888E7,5.52711424E8,7.39686848E8,1.056883392E9,1.14483264E9
6.8218408E7,7.88624064E8,7.46321728E8,1.0529792E9,1.138744064E9
1.1511984E8,4.84698656E8,7.08162816E8,1.05776864E9,1.144503424E9
8.7868832E7,5.61718848E8,8.44917888E8,1.051609792E9,1.144312192E9
8.6017064E7,7.857504E8,7.34345792E8,1.033689728E9,1.145112192E9
9.3467552E7,5.78435904E8,7.30752128E8,1.0523088E9,1.144846336E9
9.1857728E7,7.50941056E8,7.28294848E8,1.059492544E9,1.137790208E9
6.3383404E7,6.1332288E8,7.32029248E8,1.033477824E9,1.123809408E9
1.21225352E8,7.33823744E8,7.3072288E8,1.05447904E9,1.141828736E9
8.396376E7,5.8950528E8,7.37338176E8,1.053632768E9,1.144959616E9
8.709056E7,6.64948864E8,7.3292704E8,1.020420736E9,1.144558848E9
8.9580856E7,5.21871328E8,7.39145216E8,1.001083584E9,1.143544448E9
8.4618832E7,6.8065408E8,7.28954304E8,1.012935872E9,1.137314432E9
8.634908E7,6.28022336E8,7.81709888E8,1.054070976E9,1.12205952E9
9.1241704E7,6.6609216E8,7.35056E8,1.038690816E9,1.143369344E9
8.6827408E7,5.20706208E8,7.80117696E8,1.050949312E9,1.141541376E9
8.9006776E7,4.90096992E8,7.33258752E8,1.057982848E9,1.137496576E9
8.5492E7,5.3342224E8,7.79197312E8,1.050569728E9,1.128339968E9
7.2995896E7,5.19564864E8,7.26063168E8,1.033258432E9,1.142350336E9
1.61621376E8,6.80969856E8,7.87207872E8,1.05229152E9,1.138299904E9
1.00500488E8,4.7704944E8,7.33991232E8,1.026288128E9,1.142926976E9
9.9055016E7,6.85826944E8,7.78363456E8,1.051313152E9,1.12398336E9
9.0587096E7,5.99679936E8,7.33048832E8,1.026654912E9,1.141478016E9
7.623636E7,5.39601664E8,7.3026848E8,1.053142528E9,1.122900096E9
8.720144E7,5.29568096E8,7.3800736E8,1.051984512E9,1.139462784E9
8.8010352E7,6.62893696E8,7.3388352E8,1.034218432E9,1.14268352E9
8.8821776E7,4.64357664E8,7.30458496E8,1.050183168E9,1.142500096E9
8.5047032E7,6.82468672E8,7.30170176E8,1.033517056E9,1.13794624E9
8.757948E7,5.65630848E8,7.33156288E8,1.032346752E9,1.135467648E9
8.705872E7,5.83105216E8,7.38818432E8,1.055423296E9,1.1428736E9
8.7280592E7,5.27417472E8,7.36151744E8,1.036989696E9,1.1446016E9
8.7721608E7,6.955312E8,7.39998144E8,1.05484576E9,1.12246528E9
8.4221168E7,4.70361344E8,7.41826048E8,1.055304512E9,1.14219328E9
8.0761088E7,5.06085696E8,7.09377024E8,1.053602432E9,1.13624704E9
9.010064E7,6.61796928E8,8.4037696E8,1.057989824E9,1.122835328E9
8.7668536E7,4.67289696E8,7.3245568E8,1.051717376E9,1.140492544E9
8.6609336E7,6.6241888E8,7.28828096E8,1.034324608E9,1.140374784E9
9.7756488E7,6.42036544E8,7.31520512E8,1.053536896E9,1.137683712E9
6.3225512E7,5.3029824E8,7.27597632E8,1.054637184E9,1.137330432E9
1.29964656E8,5.68925312E8,7.3697312E8,1.035833408E9,1.123497216E9
8.2667176E7,5.72848384E8,7.29542592E8,1.05501664E9,1.14212864E9
8.280956E7,5.61240064E8,7.37422336E8,1.036440192E9,1.12316992E9
8.6698688E7,6.58840192E8,7.26315328E8,1.0540384E9,1.141385344E9
1.2956556E8,5.29431392E8,7.82624704E8,1.056635648E9,1.135444608E9
8.188264E7,5.55574848E8,7.35250176E8,1.05312608E9,1.14130496E9
8.5234056E7,5.5049216E8,7.81321536E8,1.033318912E9,1.140655104E9
8.692704E7,5.41827392E8,7.31065152E8,1.052154368E9,1.121796224E9
9.1906696E7,5.59336896E8,7.84782144E8,1.035001664E9,1.143173632E9
1.04814112E8,5.44036352E8,7.29094656E8,1.032299648E9,1.140202624E9
8.5212264E7,5.50367232E8,7.81286208E8,1.054719744E9,1.137669888E9
8.5486888E7,5.57716672E8,7.32558784E8,1.03663872E9,1.144093312E9
8.3839864E7,7.48404928E8,7.8117184E8,1.7046032E8,1.13726272E9
6.47811E7,6.498016E8,7.31191232E8,1.031151232E9,1.143596928E9
1.23903448E8,4.93403808E8,7.7201728E8,1.056908288E9,1.13685504E9
8.342928E7,5.34503872E8,7.33610112E8,1.054276288E9,1.143207168E9
8.5258032E7,6.5752704E8,7.3489728E8,1.056711936E9,1.138290304E9
9.6219528E7,4.761168E8,7.3258144E8,1.03625184E9,1.122788736E9
7.8089008E7,5.17146624E8,7.36015424E8,1.04002176E9,1.14241152E9
1.14546216E8,5.53957184E8,7.31438592E8,1.051152512E9,1.138483072E9
1.306148E8,5.47830784E8,7.38697344E8,1.050667136E9,1.138849408E9
1.23400424E8,5.60229952E8,7.30972416E8,1.02771456E9,1.14442752E9
8.0229136E7,7.50395072E8,7.43856448E8,1.049210816E9,1.123636096E9
9.5434416E7,6.40969152E8,7.17038656E8,1.0281392E9,1.14193728E9
7.9167792E7,6.31445184E8,7.24423552E8,1.034012992E9,1.14319552E9
1.27559144E8,7.03160704E8,8.4666944E8,1.05267136E9,1.13700224E9
1.34613056E8,5.96278464E8,7.28662976E8,1.042364736E9,1.121876224E9
7.5991304E7,5.3242288E8,7.32937984E8,1.048524096E9,1.140692736E9
7.8856888E7,5.15723104E8,7.26245248E8,1.041873152E9,1.14119488E9
1.46269408E8,6.63718656E8,7.33406656E8,1.050225792E9,1.122964608E9
7.5746096E7,4.67265184E8,7.33682432E8,1.04055904E9,1.136065664E9
7.09406E7,6.6066016E8,7.37521728E8,1.0529792E9,1.137240448E9
8.0232352E7,6.44984448E8,7.3420512E8,1.057305536E9,1.12349696E9
1.1665616E8,5.21153984E8,7.41393728E8,1.0362112E9,1.141989632E9
1.59403184E8,5.1414048E8,7.3448992E8,1.054235904E9,1.123115776E9
1.01282232E8,5.88516544E8,7.33866688E8,1.034918016E9,1.141067264E9
1.31494168E8,5.34020448E8,7.83556032E8,1.054609856E9,1.136187136E9
1.45131568E8,6.7274656E8,7.29336384E8,1.056408064E9,1.142269952E9
8.0839432E7,6.34308992E8,7.87354048E8,1.052193728E9,1.122844288E9
1.38079584E8,5.20054592E8,7.33342784E8,1.026871168E9,1.141504512E9
7.8185472E7,5.8287584E8,7.74697408E8,1.048499648E9,1.13491584E9
7.1449496E7,5.80992064E8,7.338608E8,1.034732224E9,1.142398208E9
1.16218256E8,6.76372608E8,7.39073536E8,1.051867328E9,1.13802752E9
1.0786904E8,4.77167552E8,7.3123968E8,1.056565056E9,1.139437568E9
1.47749776E8,6.56046912E8,7.81106944E8,1.033855488E9,1.123100672E9
8.08512E7,6.33021568E8,7.30110208E8,1.048814912E9,1.142652288E9
9.6512984E7,5.3607984E8,7.34425024E8,1.048687744E9,1.142868352E9
1.14614496E8,6.16867456E8,7.35736192E8,1.050763392E9,1.142911488E9
1.00493424E8,5.3198032E8,7.37713024E8,1.037076288E9,1.14249536E9
8.0162888E7,6.51158272E8,7.3134336E8,1.047924544E9,1.138438784E9
1.45530752E8,4.71545216E8,7.31690304E8,1.0406736E9,1.143789696E9
7.4431344E7,6.80405184E8,7.31604992E8,1.030017728E9,1.138946688E9
7.8968352E7,6.35690048E8,7.29410368E8,1.034181696E9,1.144138112E9
1.28802912E8,5.22626464E8,7.34212736E8,1.027828416E9,1.143673472E9
1.23529984E8,5.1616896E8,7.35302592E8,1.048927552E9,1.140191872E9
7.9732736E7,6.69080896E8,7.42691136E8,1.033580096E9,1.141383296E9
1.06221392E8,6.3404E8,7.07095616E8,1.054139136E9,1.140626816E9
7.8468912E7,5.18210208E8,7.81657408E8,1.054732352E9,1.144224896E9
1.16106256E8,5.9832096E8,7.45036736E8,1.03618592E9,1.14347392E9
1.29750488E8,5.30358016E8,7.459312E8,1.052441152E9,1.137979648E9
7.615276E7,7.38412672E8,7.42076288E8,1.04081152E9,1.123247232E9
9.8701096E7,4.79721312E8,7.31658496E8,1.03882272E9,1.141395456E9
1.5872512E8,5.62968E8,7.30751232E8,1.052323904E9,1.137861248E9
9.7839696E7,6.60982208E8,7.31084352E8,1.049838656E9,1.142066432E9
7.8884264E7,6.39018496E8,7.27567936E8,1.04113248E9,1.140701952E9
1.12205736E8,5.304424E8,7.32779392E8,1.051114112E9,1.142594048E9
1.3620824E8,5.76294144E8,7.32260416E8,1.033967872E9,1.140466048E9
7.757952E7,6.82777344E8,7.47436544E8,1.033077888E9,1.143332864E9
1.28336752E8,4.64412928E8,7.30930688E8,1.055259712E9,1.117229312E9
1.35184464E8,5.37668736E8,7.37385792E8,9.87032064E8,1.120292096E9
7.9005792E7,6.71811584E8,7.35935872E8,9.72596288E8,1.14294272E9
1.05749608E8,6.27502656E8,7.36031488E8,1.014695296E9,1.139186944E9
7.9057632E7,5.28392864E8,7.38508992E8,1.05553952E9,1.143555328E9
1.29897128E8,5.34368224E8,7.33950016E8,1.044871488E9,1.1445696E9
1.34005144E8,6.20128576E8,7.43018816E8,1.049295104E9,1.123743872E9
7.558636E7,4.57592608E8,7.35739584E8,1.051741568E9,1.141046272E9
8.5449632E7,5.09049952E8,7.8489088E8,1.031443712E9,1.122835968E9
1.37311712E8,6.373664E8,7.27916288E8,1.037852416E9,9.34175936E8
1.03547536E8,5.0622816E8,7.84027392E8,1.051855232E9,1.133794176E9
7.4104816E7,5.79516992E8,7.30591936E8,1.047096448E9,1.142686464E9
7.8916008E7,6.04727488E8,7.8207008E8,1.045016128E9,1.136215936E9
1.62108704E8,4.73560512E8,7.28968448E8,1.047658176E9,1.137351552E9
1.23699608E8,6.23516736E8,7.74753664E8,1.050106048E9,1.144071296E9
8.1355048E7,6.308576E8,7.31799936E8,1.03439392E9,1.145065344E9
1.24078712E8,4.49537952E8,7.36452416E8,1.053580352E9,1.142311808E9
1.34219184E8,4.65895008E8,7.32577216E8,1.054894912E9,1.139014016E9
7.9875392E7,7.41812288E8,7.33320064E8,1.035639744E9,1.122833408E9
7.887244E7,4.68993632E8,7.35281408E8,1.056447744E9,1.138666112E9
1.08202856E8,5.78205952E8,7.3721248E8,1.044223296E9,1.143246976E9
1.4855088E8,5.5375584E8,7.32923712E8,1.051146944E9,1.137501056E9
7.61458E7,5.59671488E8,7.44682176E8,1.058250432E9,1.123333376E9
7.971748E7,6.57535168E8,7.35273024E8,1.051376128E9,1.141727104E9
1.36819488E8,7.34322176E8,7.08502976E8,1.041197632E9,1.12385152E9
7.9118928E7,6.32996544E8,8.55926144E8,1.051736384E9,1.142275712E9
1.0001E8,6.34789632E8,7.31940544E8,1.03435808E9,1.14375232E9
7.6775432E7,6.74550464E8,7.33602496E8,1.052423808E9,1.143648E9
1.22949808E8,6.16415936E8,7.28866304E8,1.055632704E9,1.136660096E9
1.36477776E8,5.31160864E8,7.3278272E8,1.036280768E9,1.143632768E9
7.5734048E7,6.77420672E8,7.37170048E8,1.048097856E9,1.144531584E9
7.8408E7,3.56320448E8,7.34800256E8,1.041380224E9,1.12203584E9
1.42616736E8,5.47542016E8,7.3496224E8,1.050378752E9,1.121438464E9
1.18694352E8,6.5374432E8,7.39592832E8,1.036539648E9,1.141288448E9
7.3408504E7,6.51205952E8,7.35567872E8,1.048906048E9,1.123691264E9
1.0672928E8,5.20858752E8,7.37643264E8,1.027930752E9,1.142327936E9
1.20628712E8,6.5008672E8,7.36910336E8,1.050624064E9,1.143589504E9
1.17629072E8,5.95357696E8,7.40651584E8,1.05548032E9,1.144769664E9
7.7257664E7,6.23035968E8,7.40541056E8,1.034989504E9,1.12380224E9
1.1544144E8,5.49390144E8,7.34457024E8,1.054091328E9,1.14060096E9
1.37986224E8,5.49244928E8,7.35092288E8,1.057453568E9,1.139163904E9
7.6450264E7,6.644656E8,7.34939456E8,1.052364992E9,1.123053056E9
7.9533616E7,4.64657024E8,7.35873216E8,1.034292032E9,1.142730112E9
1.46111248E8,5.89911744E8,7.37974208E8,1.051110656E9,1.139027712E9
7.3952464E7,6.97462592E8,7.3846208E8,1.056970752E9,1.122368256E9
7.8698016E7,4.7245584E8,7.34571712E8,1.054513792E9,1.141865344E9
7.0828048E7,6.56499136E8,7.36934912E8,1.03187648E9,1.123096192E9
1.27718816E8,6.1451488E8,7.38618048E8,1.05239616E9,1.142090112E9
1.34302096E8,5.41961344E8,7.37534464E8,1.055286656E9,1.123079168E9
7.8276664E7,7.34632384E8,7.34250624E8,1.051873792E9,1.140982656E9
7.9113296E7,6.6615872E8,7.37287296E8,1.055600448E9,1.138669056E9
7.3244512E7,5.8703744E8,7.36462592E8,1.055445952E9,1.141255296E9
7.8917256E7,5.49075328E8,7.33199104E8,1.0515536E9,1.140019456E9
1.30115144E8,6.63776448E8,7.34416576E8,1.034809664E9,1.14434176E9
1.33288904E8,4.65283968E8,7.33516736E8,1.050776704E9,1.141890048E9
7.3893992E7,6.8494912E8,7.29468608E8,1.01792096E9,1.140821248E9
7.903764E7,6.15178752E8,7.3833856E8,1.041557312E9,1.143478784E9
1.03451128E8,5.25822816E8,7.25606336E8,1.055512064E9,1.123114368E9
7.9127072E7,5.32598336E8,7.29365504E8,1.044026048E9,1.142592768E9
1.29167256E8,6.43694784E8,7.3243392E8,1.02777728E9,1.123539968E9
1.20266032E8,4.50708032E8,7.38754432E8,1.060187968E9,1.141406592E9
1.09627488E8,5.09997568E8,7.33079872E8,1.052061888E9,1.137447808E9
7.663892E7,3.6593008E8,7.40783552E8,1.039869632E9,1.122264448E9
7.2296128E7,5.08469184E8,7.06795712E8,1.05300608E9,1.140944128E9
1.18185144E8,5.35577408E8,8.46556352E8,1.038557248E9,1.138037248E9
1.31591064E8,3.75196672E8,7.3030016E8,1.033951616E9,1.143567232E9
7.5935912E7,5.17723968E8,7.28870464E8,1.034923008E9,1.117129856E9
7.8861248E7,5.04073536E8,7.28450624E8,1.055684032E9,1.139466496E9
1.46989648E8,5.82453568E8,7.33080704E8,1.031978816E9,1.138239104E9
7.4717752E7,5.133256E8,7.32507648E8,1.026361408E9,1.144279552E9
7.9239304E7,5.05194048E8,7.83195584E8,1.050653376E9,1.14379072E9
1.39464176E8,6.18874112E8,7.31665216E8,1.02675584E9,1.123308928E9
1.4872984E8,4.9756656E8,7.80190976E8,1.032363008E9,1.142023808E9
7.5247944E7,6.15363328E8,7.33107584E8,1.048255872E9,1.143447552E9
7.3077512E7,4.97769344E8,7.38697344E8,1.042347328E9,1.139367808E9
1.06045664E8,6.02396032E8,7.35541696E8,1.051977984E9,1.116608768E9
1.17026128E8,5.25289408E8,7.40691008E8,1.041146368E9,1.143081472E9
1.09195336E8,6.6296512E8,7.3426496E8,1.051856512E9,1.141244416E9
1.47815296E8,4.8941488E8,7.77954688E8,1.032842304E9,1.121936256E9
7.9029512E7,6.25388416E8,7.32485824E8,1.053192832E9,1.140889728E9
8.42162E7,5.27932576E8,7.387536E8,1.055074048E9,1.123460736E9
1.23491856E8,7.7706752E7,7.3154144E8,1.034873536E9,1.142451072E9
1.1727316E8,6.50287552E8,7.40428736E8,1.047230464E9,1.143108992E9
1.03177872E8,5.04488384E8,7.36896768E8,1.04040384E9,1.138378496E9
1.30974056E8,6.60578304E8,7.39086336E8,1.04896064E9,1.142860544E9
8.1128008E7,6.7214464E8,7.3767904E8,1.034652352E9,1.137984256E9
1.13691912E8,4.6606192E8,7.3331168E8,1.0499936E9,1.136043776E9
1.44560896E8,5.37563968E8,7.3498336E8,1.032781056E9,1.1233952E9
7.6559712E7,6.60283904E8,7.32288064E8,9.6996512E8,1.142066688E9
6.9923712E7,4.57769344E8,7.30964928E8,1.00942624E9,1.138031616E9
1.16202056E8,5.3244416E8,7.3038432E8,1.056998592E9,1.137706496E9
1.54542784E8,6.6608384E8,7.32753344E8,1.054676288E9,1.135651328E9
7.6413456E7,4.9090448E8,7.35526528E8,1.030934016E9,1.122606208E9
7.6950896E7,6.63908672E8,7.3112608E8,1.033842112E9,1.141904256E9
7.3436536E7,6.42508352E8,7.36588032E8,1.027856512E9,1.143667456E9
1.13961408E8,5.20963904E8,7.16835392E8,1.040561088E9,1.123654144E9
1.49812736E8,5.82699648E8,7.58179776E8,1.047095936E9,1.140973568E9
7.5593216E7,6.54396736E8,7.2874592E8,1.034636928E9,1.135154688E9
8.159668E7,6.53197184E8,7.2243488E8,1.051597696E9,1.142408832E9
1.40625216E8,5.19595264E8,7.46822464E8,1.024927296E9,1.142319872E9
8.2471504E7,6.17529344E8,7.47977216E8,1.033246656E9,1.138320384E9
1.24887592E8,6.68197952E8,8.41780672E8,1.048511232E9,1.143765632E9
9.5080528E7,6.21586112E8,7.30395136E8,1.042452608E9,1.137965696E9
1.40706352E8,5.38863872E8,7.26053248E8,1.04965568E9,1.143615232E9
7.6770712E7,5.8118624E8,7.36234752E8,1.039315392E9,1.123270272E9
5.9905348E7,5.2065872E8,7.29790464E8,1.035541696E9,1.140030976E9
8.9929672E7,6.98071168E8,7.37588928E8,9.73273024E8,1.139777408E9
7.9290192E7,4.62980384E8,7.38744192E8,9.9567968E8,1.138757632E9
9.6221384E7,5.3564016E8,7.35980672E8,1.0135936E9,1.14267584E9
8.2346552E7,6.59712192E8,7.39016384E8,1.052557568E9,1.136975104E9
1.19840848E8,4.60485984E8,7.35024704E8,1.0356992E9,1.123449088E9
7.2262688E7,6.83296384E8,7.35675328E8,1.049393664E9,1.14293376E9
9.206492E7,5.99066944E8,7.33283968E8,1.041992256E9,1.143062144E9
1.06658704E8,4.8028144E8,7.32903552E8,1.053006528E9,1.140811648E9
1.20357224E8,5.80699008E8,7.36132288E8,1.038423296E9,1.14245632E9
1.1649988E8,5.19242848E8,7.36763584E8,1.051566592E9,1.136271744E9
9.8701096E7,5.31563232E8,7.36381248E8,1.034446272E9,1.1352288E9
1.24449312E8,6.59875456E8,7.32246144E8,1.056536256E9,1.138611968E9
1.08675576E8,5.02250688E8,7.35750592E8,1.053070208E9,1.138487552E9
8.01886E7,5.27108192E8,7.3790016E8,1.0357792E9,1.12193152E9
1.16597672E8,6.95869952E8,7.39619328E8,1.054586368E9,1.12108416E9
7.7010152E7,4.67056448E8,7.3486016E8,1.042785536E9,1.1191264E9
7.5988416E7,5.19743744E8,7.3632448E8,1.05041152E9,1.14108544E9
1.47988096E8,6.1460928E8,7.3627456E8,1.058044928E9,1.122482688E9
7.7121216E7,5.424464E8,7.41897344E8,1.051567872E9,1.141334784E9
7.9297112E7,6.61627264E8,7.31479552E8,1.034205056E9,1.135215872E9
1.19262008E8,6.48689856E8,7.6959424E8,1.052665344E9,1.142164608E9
9.4611856E7,5.35020416E8,7.31916224E8,1.056304768E9,1.13582336E9
8.0483544E7,5.81940864E8,7.38592512E8,1.036119232E9,1.143355008E9
1.2082548E8,6.74931776E8,7.3213472E8,1.05408096E9,1.142029056E9
1.18014984E8,6.31909056E8,7.33705984E8,1.036843136E9,1.137011456E9
7.3496448E7,6.21919552E8,7.3042016E8,1.054606784E9,1.142761728E9
1.17719064E8,6.26694016E8,7.36619392E8,1.056240704E9,1.122585856E9
1.1771492E8,7.48104E8,7.32448128E8,1.052154816E9,1.141124224E9
1.31190552E8,5.37927232E8,7.3857632E8,1.057721408E9,1.138242816E9
8.054448E7,5.9299008E8,7.34846656E8,1.052021632E9,1.143590528E9
1.1997744E8,5.34000832E8,7.38152064E8,1.041770112E9,1.138353024E9
1.17359872E8,5.97898368E8,7.09440768E8,1.052808192E9,1.141795072E9
1.26276968E8,5.20633344E8,8.4555648E8,1.057175424E9,1.139139712E9
7.7844032E7,6.88172032E8,7.33225152E8,1.054671552E9,1.135005312E9
1.19061792E8,4.74381856E8,7.3321504E8,1.056340864E9,1.143198592E9
1.05634544E8,6.54153216E8,7.29117888E8,1.037821696E9,1.139995136E9
8.277392E7,6.47008384E8,7.31633408E8,1.051050624E9,1.121500288E9
1.1992996E8,5.18406656E8,7.33165568E8,1.041176064E9,1.142804864E9
1.19876768E8,5.78356416E8,7.78809536E8,1.051066624E9,1.122921856E9
1.25689712E8,6.7049408E8,7.35639808E8,1.056792256E9,1.142300928E9
7.8435064E7,5.9502336E8,7.79992192E8,1.052838976E9,1.143344256E9
1.38268592E8,5.61141632E8,7.2731488E8,1.03365856E9,1.136306048E9
1.45059984E8,5.85814464E8,7.91614848E8,1.05328288E9,1.141875712E9
7.7729064E7,5.18139776E8,7.28691136E8,1.056872512E9,1.134327808E9
7.8478152E7,6.87873216E8,7.76869696E8,1.036332736E9,1.141039232E9
1.0626428E8,4.70726688E8,7.38390528E8,1.054594176E9,1.142408448E9
1.6676672E8,5.35220896E8,7.3606624E8,9.68835264E8,1.122059648E9
1.39242784E8,6.61969408E8,7.39582592E8,1.011011328E9,1.14077568E9
1.3109596E8,4.64233696E8,7.40116288E8,1.054506432E9,1.138005888E9
1.18207496E8,6.83480256E8,7.37383232E8,1.037657984E9,1.143667456E9
1.28500008E8,6.10964544E8,7.48662336E8,1.052977088E9,1.122603776E9
8.0207256E7,5.29156512E8,7.33027008E8,1.042506112E9,1.142640896E9
7.7267208E7,5.31985632E8,7.73308288E8,1.061069952E9,1.142864512E9
1.44350128E8,6.39271232E8,7.51279488E8,1.057300288E9,1.136993152E9
7.7335336E7,4.79317408E8,7.28806528E8,1.053333632E9,1.122323328E9
7.9248088E7,6.76644352E8,7.3283648E8,1.0590608E9,1.13929408E9
1.63945184E8,6.32933952E8,7.32190848E8,1.053141696E9,1.142956928E9
1.00532824E8,5.14479392E8,7.32448128E8,1.056656576E9,1.136880896E9
1.02905008E8,5.50674048E8,7.40697856E8,1.057983744E9,1.140799616E9
7.8675112E7,6.7172416E8,6.86203392E8,1.057623104E9,1.14226944E9
1.37942448E8,6.22275072E8,7.23804224E8,1.058102656E9,1.135914496E9
7.6186408E7,5.24234368E8,7.21679744E8,1.054940992E9,1.141852288E9
7.6714768E7,5.90554112E8,8.38388736E8,1.05536544E9,1.13955776E9
1.32685824E8,5.36241568E8,8.5476704E8,1.056062464E9,1.142139392E9
1.07023984E8,5.0716848E8,7.60752768E8,1.034361344E9,1.140031872E9
7.9175936E7,5.98459712E8,7.30265088E8,1.049189824E9,1.122029696E9
1.66425344E8,6.75909696E8,7.7809472E8,1.06236544E9,1.124180992E9
1.05375184E8,5.97572352E8,7.2882144E8,1.054788864E9,1.142295424E9
7.6879312E7,5.54241152E8,7.35031488E8,1.055801152E9,1.118176896E9
1.29669728E8,5.19661056E8,7.40230976E8,1.058248704E9,1.140730496E9
1.1484748E8,6.98705216E8,7.34870272E8,1.05924224E9,1.136000512E9
7.9438216E7,4.4059776E8,7.3384224E8,1.052625984E9,1.143506688E9
1.35948992E8,5.3450208E8,7.38279808E8,1.055411136E9,1.12262016E9
7.7443136E7,6.6114336E8,7.43068864E8,1.03365888E9,1.142530688E9
1.3575888E8,4.62091168E8,7.35290688E8,1.059496512E9,1.122666752E9
1.18853776E8,5.35683168E8,7.34526144E8,1.055518144E9,1.141997824E9
1.2584632E8,5.78394112E8,7.37372224E8,1.056037184E9,1.123402752E9
7.9712392E7,5.1953616E8,7.3578016E8,1.038402176E9,1.140991488E9
1.20029288E8,5.3101456E8,7.37498816E8,1.050674048E9,1.137462272E9
1.52877152E8,5.02867904E8,7.36945984E8,1.062792832E9,1.143119104E9
7.6293944E7,5.99206016E8,7.32916224E8,1.053340992E9,1.117588224E9
7.906576E7,6.06621248E8,7.39279296E8,1.058705152E9,1.143477888E9
1.2009272E8,5.15641664E8,7.3211968E8,1.053367872E9,1.139313024E9
1.21124032E8,5.1529792E8,7.33637056E8,1.058784448E9,1.123872896E9
7.8098152E7,6.54511808E8,7.36950208E8,1.060139712E9,1.141810432E9
1.29453184E8,6.41256896E8,7.31728768E8,1.058006848E9,1.12292608E9
1.63786736E8,5.1787808E8,7.35246848E8,1.056276416E9,1.142418304E9
7.64082E7,1.04375352E8,7.32276352E8,1.057207744E9,1.143058432E9
7.9275736E7,6.1380288E8,7.36336384E8,1.054934464E9,1.136573184E9
1.30618216E8,5.1170688E8,7.36711808E8,1.054698048E9,1.12266112E9
1.62506496E8,6.94140096E8,7.29590016E8,1.05592608E9,1.142176896E9
7.9407936E7,6.01404288E8,7.28050368E8,1.056884736E9,1.129351936E9
8.221656E7,5.31676256E8,7.30126016E8,1.032660288E9,1.142301824E9
9.4983896E7,5.29776768E8,7.34579264E8,1.051200896E9,1.129127552E9
1.57400992E8,7.54140736E8,7.32475776E8,1.038843776E9,1.143003648E9
1.69290656E8,4.62720608E8,7.39274176E8,1.05140032E9,1.122747392E9
1.18560672E8,5.60909504E8,7.39228928E8,1.038604864E9,1.120132864E9
1.47629808E8,5.29331584E8,7.1225152E8,1.0583808E9,1.12399296E9
7.5596072E7,6.98708288E8,8.05628288E8,1.05729504E9,1.141328256E9
7.7795584E7,4.70848608E8,7.66779264E8,1.055173632E9,1.13622848E9
1.3630848E8,5.31538496E8,7.19396928E8,1.056827968E9,1.135558656E9
1.52532032E8,6.50784768E8,7.4300672E8,1.055404608E9,1.14326912E9
7.6154504E7,4.72285664E8,7.25110592E8,1.056304768E9,1.140230656E9
7.947736E7,5.3408816E8,7.33041216E8,1.035151488E9,1.143094784E9
1.07200672E8,6.80104384E8,7.35023872E8,1.055372416E9,1.134567936E9
1.22506976E8,4.64520768E8,7.37626368E8,1.0566976E9,1.143743232E9
1.3142504E8,5.00915712E8,7.52226112E8,1.051883712E9,1.14156352E9
1.56766832E8,5.37217408E8,7.266864E8,1.058344512E9,1.141504E9
7.5513296E7,5.2323488E8,7.40197568E8,1.053817152E9,1.11760384E9
7.1874192E7,6.69293632E8,7.36996096E8,1.059310208E9,1.141019648E9
1.29347704E8,6.67041856E8,7.8530016E8,1.053968064E9,1.13980736E9
1.25860568E8,5.81826624E8,7.28056192E8,1.05769216E9,1.144219648E9
1.53612192E8,5.36979456E8,7.8445024E8,1.056076864E9,1.138107648E9
7.7854336E7,6.58436224E8,7.31563136E8,1.05415776E9,1.141623424E9
6.1680804E7,4.63550432E8,7.78117376E8,1.055461184E9,1.139214464E9
1.06865008E8,6.56146432E8,7.3195392E8,1.0559344E9,1.144276864E9
1.2130328E8,6.591632E8,7.86931008E8,1.034823872E9,1.143435264E9
1.20309432E8,5.19384416E8,7.28133248E8,1.055056192E9,1.1368192E9
7.6921304E7,5.78379456E8,7.8103456E8,1.062640576E9,1.141071104E9
7.7682576E7,5.25710528E8,7.24906112E8,1.054990592E9,1.142522624E9
1.37035104E8,7.00648064E8,7.37384128E8,1.056692352E9,1.139936768E9
7.7554848E7,4.71965248E8,7.3203424E8,1.053000448E9,1.12711872E9
7.6531E7,6.66264128E8,7.34115008E8,1.05885056E9,1.142536832E9
1.1946004E8,6.22243648E8,7.28092672E8,1.05166336E9,1.133994752E9
1.28957376E8,4.72362368E8,7.3552736E8,1.058692928E9,1.118925824E9
8.0881936E7,6.665472E8,7.30532736E8,1.053119168E9,1.1391744E9
1.29694952E8,6.32016384E8,7.42001408E8,1.05865664E9,1.135592832E9
1.13684168E8,6.12653568E8,7.32524416E8,1.054679296E9,1.135250944E9
7.9175312E7,5.461552E8,7.32045184E8,1.057484608E9,1.142321792E9
1.43690544E8,6.40576512E8,7.14018752E8,1.054893568E9,1.139387392E9
7.8117064E7,4.77322688E8,7.88018176E8,1.056439488E9,1.138443648E9
1.04872376E8,5.30606016E8,8.12355904E8,1.035194624E9,1.139864448E9
1.20426784E8,6.6170112E8,8.19273408E8,1.049940224E9,1.122664704E9
1.06846744E8,4.65438304E8,7.34618048E8,1.063152896E9,1.141816576E9
1.52200048E8,6.58634048E8,7.35684608E8,1.055546048E9,1.123611904E9
7.9293968E7,6.14774592E8,7.35319488E8,1.057151424E9,1.126563584E9
7.6747144E7,5.40328768E8,7.37956288E8,1.053490112E9,1.142345984E9
7.648476E7,6.77363392E8,7.31558976E8,1.0585568E9,1.1436608E9
8.1859184E7,6.34638592E8,7.37801472E8,1.053366592E9,1.141514112E9
8.3757008E7,4.91906624E8,7.36014528E8,1.059208896E9,1.140871424E9
1.08324752E8,6.18051712E8,7.34967296E8,1.054212864E9,1.123981312E9
7.3752296E7,5.70113216E8,7.39579136E8,1.057623936E9,1.120520832E9
1.29122224E8,5.49996352E8,7.36360896E8,1.0563536E9,1.12355328E9
1.53841424E8,5.9969344E8,7.32350016E8,1.056258112E9,1.142513152E9
7.1170328E7,6.19600256E8,7.38807296E8,1.035326464E9,1.137676416E9
7.9185968E7,7.42232064E8,7.3237856E8,1.055424192E9,1.123154688E9
1.15861432E8,6.6369664E8,7.81562944E8,1.062833408E9,1.141453696E9
1.07006808E8,6.02836352E8,7.29571712E8,1.04141152E9,1.144760064E9
1.21777456E8,5.33828032E8,7.96024832E8,1.051517376E9,1.144393088E9
1.609632E8,7.61375424E8,7.28355328E8,1.051949888E9,1.142052608E9
7.9530456E7,5.71196032E8,7.78865472E8,1.059050368E9,1.137519744E9
7.9827576E7,6.673312E8,7.3114528E8,1.052236096E9,1.144714496E9
7.40834E7,6.02171584E8,7.2648928E8,1.05969696E9,1.140484224E9
1.17787016E8,5.28328288E8,7.38607808E8,1.053135168E9,1.13794368E9
1.58282944E8,6.62163904E8,7.31950592E8,1.058055424E9,1.144559872E9
7.4406976E7,4.64384576E8,7.31850944E8,1.055422464E9,1.144082432E9
7.9067008E7,5.5638432E8,7.37518336E8,1.056615168E9,1.14382272E9
1.2899564E8,7.413104E8,7.28018944E8,1.0551184E9,1.143443584E9
7.8066448E7,6.13649856E8,7.36168704E8,1.057530432E9,1.138944512E9
7.6541544E7,6.50097344E8,7.1340032E8,1.03552448E9,1.144476928E9
1.37813184E8,7.16993664E8,7.8695712E8,1.049467648E9,1.138514048E9
1.27192488E8,6.57616192E8,7.42847168E8,1.061524864E9,1.145358336E9
1.4641288E8,6.3280128E8,7.49411008E8,1.055208448E9,1.142716288E9
7.6031752E7,6.94305792E8,7.26204864E8,1.058089088E9,1.1344864E9
7.9236792E7,6.05326848E8,7.36140736E8,1.053742976E9,1.141792768E9
1.12785344E8,5.38611712E8,7.2904064E8,1.058577344E9,1.123109248E9
1.29523608E8,6.77833984E8,7.30824704E8,1.052489152E9,1.13555008E9
7.5592072E7,6.21253056E8,7.30056064E8,1.058141184E9,1.143719808E9
7.908952E7,5.377392E8,7.3095904E8,1.055328896E9,1.142055936E9
1.62511776E8,6.73726784E8,7.36910336E8,1.058232128E9,1.11536896E9
1.40740016E8,6.2632608E8,7.35452928E8,1.05630432E9,1.134661248E9
1.48238192E8,4.72124032E8,7.337472E8,1.055191488E9,1.116659328E9
7.7515168E7,5.23108288E8,7.36056896E8,1.05499488E9,1.135783936E9
7.9837768E7,6.47403712E8,7.35397184E8,1.056213696E9,1.143699072E9
1.18524128E8,4.51808928E8,7.36037376E8,1.035268288E9,1.137974016E9
1.15255168E8,5.30928224E8,7.37381504E8,1.047661184E9,1.142396672E9
8.9102736E7,5.02799968E8,7.37322944E8,1.0627504E9,1.137613824E9
1.33859848E8,5.89179712E8,7.40874496E8,1.0498016E9,1.142461696E9
7.7140256E7,5.31453728E8,7.3578016E8,1.062137984E9,1.132457728E9
7.7140256E7,6.52936E8,7.38128192E8,1.051638272E9,1.139026432E9
1.36097008E8,5.3929248E8,7.38892672E8,1.060599552E9,1.141249408E9
7.6045048E7,5.28710624E8,7.3595616E8,1.053395584E9,1.13787264E9
8.0954616E7,6.93355072E8,7.84283904E8,1.058223744E9,1.144385536E9
1.20714632E8,4.70155392E8,7.25464E8,1.052835072E9,1.144806016E9
8.0614608E7,5.18094432E8,7.80921088E8,1.058108736E9,1.123292928E9
1.18072112E8,6.48574144E8,7.323392E8,1.054894464E9,1.141618048E9
1.2338672E8,4.75772736E8,7.726576E8,1.056773888E9,1.142875776E9
1.49476832E8,6.54852032E8,7.29257472E8,1.03489536E9,1.135465856E9
7.8560768E7,6.47773248E8,7.39857856E8,1.058393536E9,1.14389056E9
7.952476E7,5.26080416E8,7.33111808E8,1.06316704E9,1.142113664E9
1.27050272E8,5.7845056E8,7.33158016E8,1.042429248E9,1.117940736E9
7.7516376E7,5.32035168E8,7.31438592E8,1.04667904E9,1.12018816E9
7.9314088E7,4.95570848E8,7.34560704E8,1.052799936E9,1.120712192E9
1.06583672E8,5.79624E8,7.38071232E8,1.058806336E9,1.14284544E9
1.36632544E8,6.07812672E8,7.27871616E8,1.054704576E9,1.137998336E9
7.8857512E7,6.94260608E8,7.40534144E8,1.05777344E9,1.135601024E9
7.6533928E7,5.96841216E8,7.10222528E8,1.055727104E9,1.142980864E9
1.4448152E8,5.1021872E8,8.33130432E8,1.05740384E9,1.144143744E9
7.6547992E7,5.32600096E8,7.27174336E8,1.057091584E9,1.123411072E9
7.949188E7,6.4928736E8,7.32644352E8,1.0547536E9,1.14140288E9
7.3965048E7,4.68480096E8,7.29520128E8,1.05490752E9,1.143779712E9
1.40097232E8,5.29653984E8,7.2755712E8,1.056371456E9,1.144745472E9
7.9035136E7,6.6221056E8,7.28918592E8,1.03553792E9,1.138897664E9
7.9420544E7,5.21342464E8,7.29406272E8,1.047865344E9,1.1445184E9
1.19835104E8,6.7747232E8,7.29818816E8,1.062834688E9,1.143318656E9
1.16701096E8,6.42180864E8,7.40240384E8,1.053480576E9,1.139475968E9
8.6148224E7,5.12395168E8,7.33817856E8,1.0583616E9,1.143029376E9
1.3863088E8,6.77730624E8,7.35671936E8,1.052259904E9,1.122568192E9
8.0047384E7,6.3537952E8,7.36893376E8,1.058738496E9,1.141772672E9
1.34204768E8,5.19134976E8,7.34076288E8,1.054294976E9,1.144877568E9
8.0016E7,5.23202368E8,7.39112832E8,1.059387776E9,1.138971904E9
1.36684848E8,6.88767488E8,7.27477696E8,1.055534336E9,1.14459264E9
1.32151024E8,4.74055808E8,7.82708992E8,1.054851008E9,1.143499392E9
7.5577792E7,6.5322656E8,7.28396736E8,1.05558784E9,1.144744064E9
7.9145856E7,6.506736E8,7.33148736E8,1.056369216E9,1.143281536E9
1.19039112E8,5.19743744E8,7.38510656E8,1.034871488E9,1.13575104E9
1.13597632E8,5.77059008E8,7.3827552E8,1.057018304E9,1.143154944E9
7.6698288E7,5.7303104E8,7.36996096E8,1.062236224E9,1.142852352E9
7.9510216E7,5.81388992E8,7.36109376E8,1.043521728E9,1.138460416E9
7.4384832E7,7.90529472E8,7.3546144E8,1.046094784E9,1.127364608E9
1.12322952E8,5.84900096E8,7.36528704E8,1.053467584E9,1.137384576E9
1.42834688E8,5.75016256E8,7.33425984E8,1.058722688E9,1.143667712E9
7.5822488E7,5.63086848E8,7.34580096E8,1.056239808E9,1.144191872E9
7.6774256E7,5.91278592E8,7.3610176E8,1.056688384E9,1.142958336E9
1.29287488E8,6.48781888E8,7.71523072E8,1.05565312E9,1.137422592E9
1.52269568E8,6.00880256E8,7.33674048E8,1.055792E9,1.144193152E9
7.6224744E7,5.47855104E8,7.31767296E8,1.056326976E9,1.11675712E9
7.6450264E7,6.62619136E8,7.37080064E8,1.056005824E9,1.141819392E9
1.1290632E8,4.66921536E8,7.26712832E8,1.055269312E9,1.122414336E9
1.07353728E8,6.49024064E8,7.34855104E8,1.056781312E9,1.141175936E9
7.4487336E7,6.29274688E8,7.30200128E8,1.035965376E9,1.134667392E9
7.7838576E7,5.31927264E8,7.34680512E8,1.047303296E9,1.143463168E9
1.2890584E8,5.72016896E8,7.34449472E8,1.029948544E9,1.144752512E9
1.5255296E8,5.62186624E8,7.37143744E8,1.05180768E9,1.123182848E9
7.7962984E7,5.86392064E8,7.34987584E8,1.05882432E9,1.140768896E9
7.98856E7,6.21535424E8,7.06350336E8,1.05317984E9,1.142828032E9
7.737004E7,5.6146848E8,8.48260736E8,1.058069824E9,1.140631936E9
1.18232648E8,5.8233696E8,7.27753216E8,1.055301952E9,1.123003008E9
1.27409632E8,6.42384512E8,7.33138688E8,1.057151808E9,1.140418816E9
7.7461136E7,5.3735456E8,7.26956352E8,1.0548736E9,1.144965504E9
7.9014528E7,5.64622848E8,7.31256384E8,1.056069888E9,1.1392E9
7.4565656E7,5.66241408E8,7.28712768E8,1.034878656E9,1.142856448E9
1.17741256E8,5.3269408E8,7.40055488E8,1.048262592E9,1.12308096E9
1.26760392E8,7.2124704E8,7.33341952E8,1.031971776E9,1.141318784E9
7.5251344E7,6.71566336E8,7.81022144E8,1.050323136E9,1.123497856E9
7.9207296E7,6.0754496E8,7.34661056E8,1.06021088E9,1.140405376E9
7.642864E7,6.98903616E8,7.34984192E8,1.052728512E9,1.133803392E9
1.22556528E8,5.39969536E8,7.3901376E8,1.055826432E9,1.124257664E9
8.1947056E7,5.20685856E8,7.4200576E8,1.055782016E9,1.142418944E9
1.18336192E8,7.48916416E8,7.33225984E8,1.057488128E9,1.136967168E9
1.07060656E8,6.16461056E8,7.39327104E8,1.055790208E9,1.139285632E9
1.59387952E8,6.29368704E8,7.28390144E8,1.056383168E9,1.1444608E9
7.3502928E7,7.3642784E8,7.83254976E8,9.67650176E8,1.144247552E9
1.1747016E8,6.57518912E8,7.2664352E8,1.0106704E9,1.143026816E9
1.61545664E8,6.36912256E8,7.40969728E8,1.060376384E9,1.137460224E9
7.5385784E7,6.84175872E8,7.331504E8,1.060909888E9,1.142859264E9
7.2172984E7,6.1407616E8,7.40543616E8,1.056657472E9,1.142478592E9
1.17857816E8,5.66756864E8,7.50067072E8,1.039635648E9,1.141540736E9
1.6382968E8,5.33370656E8,7.33615104E8,1.057486336E9,1.143437824E9
7.7118248E7,3.37285184E8,7.38531072E8,1.054298432E9,1.144350592E9
8.2190208E7,5.45881344E8,7.325328E8,1.019404544E9,1.144025984E9
1.16788328E8,6.58954176E8,7.3276512E8,1.073601664E9,1.143222784E9
1.08864864E8,6.8364672E8,7.25173824E8,1.053233536E9,1.136061952E9
1.1887072E8,5.96000832E8,7.33169728E8,1.058466176E9,1.142472192E9
1.15604256E8,7.11395648E8,7.34328128E8,1.054179456E9,1.138036224E9
7.6358032E7,6.00008256E8,7.31055104E8,1.05863776E9,1.144722688E9
7.312828E7,5.28258528E8,7.36313472E8,1.054449088E9,1.123427072E9
1.07096192E8,6.76810304E8,7.34682176E8,1.058033088E9,1.141886976E9
1.07090456E8,6.36995904E8,7.3052192E8,1.056140416E9,1.144172544E9
1.3379E8,5.138152E8,7.19678464E8,1.053357056E9,1.144023808E9
1.55017136E8,5.9515392E8,7.46814656E8,9.87115776E8,1.122831744E9
7.5356816E7,6.77730624E8,7.34318848E8,1.013220544E9,1.1409984E9
5.8548356E7,3.55813312E8,7.81199424E8,1.059880768E9,1.13825344E9
1.30022104E8,5.53257984E8,8.56201024E8,1.054086976E9,1.144769792E9
1.03673144E8,6.5227584E8,7.3087648E8,1.0571824E9,1.138709888E9
7.721352E7,6.3280128E8,7.33405824E8,1.057067584E9,1.143475328E9
1.67263232E8,5.37753664E8,7.3249344E8,1.055168384E9,1.123637504E9
1.46487952E8,6.16964992E8,7.30237632E8,1.054393984E9,1.141914496E9
1.50523072E8,5.31324928E8,7.3598496E8,1.05900384E9,1.143149696E9
7.759156E7,6.45781056E8,7.34752192E8,1.03455456E9,1.13361664E9
7.7962376E7,4.760856E8,7.39033408E8,1.057081088E9,1.122534656E9
1.16965904E8,6.83532864E8,7.32719808E8,1.0626864E9,1.141617408E9
1.10376488E8,6.0853856E8,7.3578528E8,1.055106624E9,1.137816192E9
7.7535008E7,5.22787008E8,7.330144E8,1.057029632E9,1.140517888E9
7.9224232E7,5.85535808E8,7.38168256E8,1.053786304E9,1.138249984E9
8.2120008E7,6.50062976E8,7.37334016E8,1.059166848E9,1.143321344E9
1.1999904E8,4.72852352E8,7.3804224E8,1.05377984E9,1.137904384E9
1.05669152E8,6.51290816E8,7.34075392E8,1.056833728E9,1.14342848E9
1.06756624E8,6.32533568E8,7.36449856E8,1.078462848E9,1.143346304E9
1.17945392E8,5.30011904E8,7.321808E8,1.041026112E9,1.144682752E9
1.27084184E8,6.1819264E8,7.81906688E8,1.054951424E9,1.1455712E9
7.7761104E7,6.75575808E8,7.30883136E8,1.057538752E9,1.121846528E9
7.3132024E7,6.0417024E8,7.8098304E8,9.84761984E8,1.121340032E9
1.5744808E8,5.45529536E8,7.345312E8,1.011571776E9,1.11889984E9
1.56995728E8,5.80985792E8,7.78904384E8,1.061125376E9,1.124355328E9
1.10640272E8,5.20049536E8,7.29822144E8,1.050517568E9,1.122982912E9
1.19740392E8,7.05072512E8,7.7582336E8,1.061132416E9,1.142713344E9
1.21269448E8,4.47182176E8,7.33888512E8,1.055791104E9,1.137774848E9
7.7274376E7,6.92811648E8,7.34414016E8,1.057648448E9,1.143568256E9
1.08571736E8,6.146352E8,7.30637824E8,1.054711488E9,1.136147456E9
1.19122784E8,5.21454592E8,7.44501184E8,1.059620608E9,1.14184384E9
1.14789472E8,5.919568E8,7.29229184E8,9.82042432E8,1.143703936E9
7.9319128E7,6.95736832E8,7.08587776E8,1.012777984E9,1.135592576E9
1.02820368E8,4.76478336E8,8.58590144E8,1.058953088E9,1.135620864E9
1.38220816E8,6.85921024E8,7.2773088E8,1.054222016E9,1.143243264E9
7.2410248E7,6.57610816E8,7.26632E8,1.057464064E9,1.122895488E9
8.8824936E7,6.51914368E8,7.33167232E8,1.056313472E9,1.135293312E9
7.2669136E7,5.30521568E8,7.36152512E8,1.05627072E9,1.137989376E9
1.0750492E8,5.54971712E8,7.78497856E8,1.035309248E9,1.144128896E9
1.1361828E8,5.5865728E8,7.35504576E8,1.055852992E9,1.145708672E9
1.22097144E8,7.49091712E8,7.78923264E8,1.062316928E9,1.143153536E9
7.695208E7,6.35695104E8,7.32946368E8,1.038929792E9,1.137545344E9
1.1435368E8,6.30877504E8,7.80677248E8,1.05509184E9,1.122479744E9
1.01976296E8,6.837344E8,7.3337728E8,1.052433856E9,1.138956928E9
1.37794192E8,6.5644256E8,7.80727744E8,1.059735488E9,1.142971904E9
7.791196E7,6.98665536E8,7.33067264E8,1.052492608E9,1.122439808E9
7.6223576E7,6.99374016E8,7.76836672E8,1.0587792E9,1.13487744E9
1.13905592E8,5.57124416E8,7.32723136E8,1.052814272E9,1.1380224E9
8.4206976E7,6.6904736E8,7.90914368E8,1.05834496E9,1.124148864E9
7.8808416E7,4.5656496E8,7.34020672E8,1.055026624E9,1.141861248E9
9.5056136E7,5.35808768E8,7.714096E8,1.056459072E9,1.142806528E9
1.57086976E8,4.95435808E8,7.30295104E8,1.0369376E9,1.143850624E9
1.19100072E8,6.05198656E8,7.32689664E8,1.055069632E9,1.13481024E9
1.14947816E8,6.79189184E8,7.3675936E8,1.063650752E9,1.140627328E9
1.06511016E8,6.1824992E8,7.384272E8,1.042015168E9,1.140123264E9
1.0088476E8,5.79177152E8,7.32037632E8,1.047442624E9,1.141318528E9
7.8032944E7,5.30154144E8,7.41867264E8,1.052320896E9,1.137152128E9
1.14095336E8,6.37813568E8,7.07764992E8,1.059232128E9,1.14376128E9
1.1217428E8,4.78104288E8,8.53332224E8,1.053436352E9,1.138049024E9
1.0371292E8,6.77211392E8,7.29749696E8,1.059240064E9,1.143779584E9
1.43375344E8,3.59177664E8,7.2975136E8,1.054015808E9,1.14324032E9
7.8509568E7,5.44275072E8,7.35570496E8,1.058507328E9,1.140494336E9
7.7153944E7,6.50387968E8,7.31402624E8,1.05816736E9,1.14272064E9
1.38925536E8,6.43218688E8,7.3080384E8,1.054506432E9,1.12277952E9
7.5336376E7,5.27372256E8,7.37683264E8,1.054536E9,1.135479808E9
7.2742088E7,6.55149632E8,7.34059392E8,1.057532672E9,1.13785344E9
1.52559952E8,6.33984704E8,7.3425984E8,1.03516864E9,1.143329792E9
7.7111704E7,5.17482816E8,7.33602496E8,1.049002752E9,1.13593088E9
7.7385608E7,5.93190144E8,7.37713024E8,1.062542656E9,1.142505344E9
1.15843984E8,6.84064704E8,7.38478272E8,3.69167328E8,1.124182016E9
1.29249056E8,6.06913472E8,7.35819904E8,1.027457216E9,1.140985344E9
7.875876E7,5.41365376E8,7.35099008E8,1.055140608E9,1.143654272E9
8.73576E7,6.82550144E8,7.38626624E8,1.050633984E9,1.144302336E9
8.203176E7,6.48180032E8,7.34440192E8,1.035474304E9,1.138188416E9
7.9098904E7,5.34369984E8,7.29638208E8,1.037013312E9,1.143563136E9
8.0455704E7,5.66153216E8,7.33055552E8,1.051751552E9,1.124053888E9
1.17488104E8,6.81407808E8,7.36190656E8,1.05287008E9,1.141628672E9
1.22684336E8,5.98898752E8,7.38342848E8,1.053396032E9,1.14404736E9
7.4458504E7,5.30509248E8,7.3465856E8,1.057375872E9,1.143397888E9
7.770128E7,6.72984256E8,7.38972864E8,1.051074368E9,1.144268544E9
1.33054808E8,6.3531392E8,7.38181056E8,1.041056704E9,1.123627648E9
7.5645824E7,5.20796032E8,7.31850112E8,1.051537664E9,1.142441344E9
7.9599456E7,5.8032832E8,7.82163776E8,1.033724032E9,1.136667008E9
1.14337976E8,6.66647168E8,7.32549568E8,9.86188352E8,1.118025984E9
1.21065376E8,6.38605312E8,7.72021952E8,1.008947264E9,1.139851008E9
7.6959784E7,5.23669856E8,7.3305888E8,1.059056448E9,1.135840256E9
7.9401624E7,5.67456384E8,7.3594688E8,1.054687616E9,1.142882944E9
7.4742888E7,6.724752E8,7.27869056E8,1.055657088E9,1.144188288E9
7.4671448E7,6.35700096E8,7.37961472E8,1.05384096E9,1.143285632E9
1.28937432E8,5.21701152E8,7.32039232E8,1.027040832E9,1.134772864E9
1.28387832E8,5.94095424E8,7.34909952E8,1.050565824E9,1.12181376E9
1.3996192E8,5.81801216E8,7.19208576E8,1.055863424E9,1.142649088E9
7.5464864E7,6.99184576E8,7.59627712E8,1.055231488E9,1.141940736E9
7.5192496E7,4.66537568E8,7.3045184E8,1.05401536E9,1.138626816E9
1.24166528E8,6.6202144E8,7.32123072E8,1.05747936E9,1.14418368E9
1.1916252E8,6.14791104E8,7.40788736E8,1.051565312E9,1.144201728E9
1.27118104E8,5.40204736E8,8.56108288E8,1.03408896E9,1.144549376E9
7.8201984E7,6.81019136E8,7.28713536E8,1.050116416E9,1.1430656E9
7.3380488E7,6.77088192E8,7.31210432E8,1.034380224E9,1.137907072E9
1.4504104E8,6.03259072E8,7.31487872E8,1.034988288E9,1.143771008E9
7.7563272E7,7.03339968E8,7.7964544E8,1.05336832E9,1.137628544E9
7.76042E7,5.98717248E8,7.30256832E8,1.042999296E9,1.144543872E9
7.4062008E7,5.37313024E8,7.86266816E8,1.04852288E9,1.144189056E9
1.02355192E8,6.87131776E8,7.31826688E8,1.03570848E9,1.14474368E9
1.4188624E8,5.97978816E8,7.82624704E8,1.049997056E9,1.143059328E9
7.9500736E7,5.31693952E8,7.27572864E8,1.034030976E9,1.134770432E9
8.0048672E7,6.81277248E8,7.81110784E8,1.053787584E9,1.142652672E9
1.26964776E8,6.07558784E8,7.31941312E8,1.0549184E9,1.143255296E9
7.6620136E7,5.29133792E8,7.84743616E8,1.034959744E9,1.11868928E9
7.7362256E7,6.75042816E8,7.28134912E8,1.055041856E9,1.120120576E9
1.44160768E8,6.29039616E8,7.827664E8,1.041694592E9,1.13578624E9
7.807864E7,5.2555856E8,7.30430976E8,1.043310464E9,1.121792896E9
8.2335016E7,5.93694208E8,7.73912384E8,1.048022272E9,1.141871488E9
7.3959024E7,5.2322976E8,7.28143232E8,1.050683136E9,1.143437824E9
1.0727772E8,6.85618304E8,7.31589952E8,1.0348912E9,1.136144128E9
1.24661848E8,4.51742592E8,7.31397632E8,1.052587392E9,1.142948736E9
1.61872544E8,6.90888064E8,7.36900096E8,1.055678336E9,1.143026688E9
7.5251344E7,6.66300224E8,7.37158208E8,1.03774848E9,1.135021952E9
7.8889856E7,6.04446464E8,7.3689504E8,1.053784128E9,1.14404352E9
1.50975296E8,5.48395904E8,7.35326208E8,1.038759488E9,1.13741568E9
1.57664048E8,6.61323712E8,7.15224384E8,1.040396672E9,1.138546816E9
7.9160896E7,4.60869344E8,7.78690112E8,1.048828224E9,1.144037632E9
7.9454624E7,6.84972544E8,7.40258304E8,1.05083968E9,1.123554688E9
1.0886012E8,5.97293504E8,7.45607936E8,1.033336384E9,1.143246208E9
7.6009792E7,6.1523552E8,7.33386496E8,1.053253888E9,1.142741248E9
7.750496E7,5.30896512E8,7.28481344E8,1.05582688E9,1.124239872E9
7.9688256E7,6.70921408E8,7.28750912E8,1.037466688E9,1.140430208E9
1.2096432E8,4.78517536E8,7.28342912E8,1.05392032E9,1.140577152E9
7.3757736E7,6.89705728E8,7.33419264E8,1.04385024E9,1.14278144E9
1.029548E8,5.98027968E8,7.29119552E8,1.048875968E9,1.138909952E9
1.69802352E8,5.34334336E8,7.29544256E8,1.035214208E9,1.14224256E9
1.10614576E8,6.24826688E8,7.37742784E8,1.053628032E9,1.138617472E9
1.07740048E8,6.560496E8,7.33231104E8,1.055957504E9,1.142848896E9
1.62657168E8,4.70854144E8,7.37050368E8,1.053126976E9,1.142690432E9
7.40642E7,5.21963232E8,7.3425984E8,1.034324224E9,1.140231168E9
1.06179648E8,6.9442336E8,7.34256448E8,1.032414976E9,1.143807616E9
1.39639456E8,4.49864064E8,7.40439936E8,1.055966592E9,1.143332608E9
7.7405968E7,6.80263424E8,7.35161536E8,1.042602944E9,1.137575552E9
7.7759288E7,6.11695616E8,7.3544704E8,1.044391872E9,1.123149184E9
7.5136E7,5.23098016E8,7.3474208E8,1.044989696E9,1.14203136E9
1.07171944E8,5.32981536E8,7.330144E8,1.048594112E9,1.144722688E9
1.20599616E8,6.65917504E8,7.33833024E8,1.0271088E9,1.143857024E9
1.2093068E8,4.65229888E8,7.82247872E8,1.051416768E9,1.143087232E9
7.6373184E7,6.93559424E8,7.33561344E8,1.025895808E9,1.145011712E9
1.54351952E8,5.92254784E8,7.84594432E8,1.059764032E9,1.142978816E9
7.8040864E7,5.49043264E8,7.25750336E8,1.042215424E9,1.137789312E9
7.6995928E7,6.7852096E8,7.83563712E8,1.050859968E9,1.144369408E9
1.45895952E8,6.28266496E8,7.3312608E8,1.050051328E9,1.123902592E9
7.7398784E7,5.24193152E8,7.67979072E8,1.035422336E9,1.141662976E9
7.755124E7,6.756928E8,7.3614496E8,1.04853312E9,1.144105088E9
1.14543608E8,6.34381952E8,7.3387168E8,1.04071424E9,1.143557376E9
1.27263696E8,5.15826176E8,7.34710016E8,1.034119104E9,1.134819584E9
7.9417392E7,5.76360576E8,7.35681216E8,1.05527936E9,1.140876928E9
7.7683176E7,6.76549952E8,7.34580992E8,1.036798144E9,1.13643712E9
9.9767544E7,6.2210816E8,7.33619328E8,1.048414144E9,1.136669568E9
7.9460304E7,5.12336064E8,7.34896448E8,1.051043328E9,1.143896704E9
1.68242528E8,6.75584384E8,7.14243456E8,1.048044992E9,1.144194304E9
7.39634E7,6.1307616E8,8.36915264E8,1.025946048E9,1.140718848E9
1.53536704E8,5.2931408E8,7.30564352E8,1.05270688E9,1.142242176E9
7.3998432E7,5.21390048E8,7.25302016E8,1.05508096E9,1.134374656E9
8.0173168E7,6.23708736E8,7.31743872E8,1.036832256E9,1.139672064E9
7.413668E7,5.42575232E8,7.29246656E8,1.055280576E9,1.142544256E9
1.29496768E8,5.80715904E8,7.29227584E8,1.041705216E9,1.138038912E9
1.44889744E8,5.19855232E8,7.35748928E8,1.042774912E9,1.144484224E9
7.221572E7,6.88577792E8,7.33268032E8,1.047966976E9,1.143890048E9
7.8239912E7,4.45635264E8,7.33559616E8,1.04898688E9,1.14550272E9
1.3053296E8,5.36992E8,7.36513408E8,1.040968576E9,1.142654336E9
7.642864E7,6.51646208E8,7.35639808E8,1.053592448E9,1.134217984E9
8.0207256E7,4.65539872E8,7.36806848E8,1.057088128E9,1.122263552E9
1.15719304E8,6.87235008E8,7.3451776E8,1.035257856E9,1.141796352E9
7.589384E7,5.96845696E8,7.36037376E8,1.055278016E9,1.143684608E9
8.1058952E7,5.35117056E8,7.37059648E8,1.053016896E9,1.137832704E9
7.4641352E7,5.31875968E8,7.381248E8,1.015994688E9,1.123152384E9
1.18476392E8,6.5004448E8,7.36366848E8,1.031647744E9,1.14203328E9
9.0528056E7,4.71542432E8,7.35716736E8,1.049017344E9,1.143968384E9
1.25511456E8,6.74994432E8,7.35376E8,1.027463808E9,1.123792384E9
1.15454776E8,7.47450496E8,7.4231648E8,9.85637376E8,1.141385088E9
8.220844E7,4.76225888E8,7.34230336E8,1.011434304E9,1.141984768E9
1.30857504E8,4.94662304E8,7.39193856E8,1.055405504E9,1.140297856E9
1.22630168E8,4.67650272E8,7.31101888E8,1.05269216E9,1.115501184E9
1.30843808E8,5.3692896E8,7.8221632E8,1.0345056E9,1.11589824E9
7.7916208E7,6.72331072E8,7.29892864E8,1.035266112E9,1.141220352E9
7.9831392E7,6.77305984E8,7.38984768E8,1.05219936E9,1.138141696E9
1.07678552E8,6.0534976E8,7.286016E8,1.037594624E9,1.135745408E9
1.38829104E8,5.50833344E8,7.39014656E8,1.047850752E9,1.121083136E9
8.493868E7,7.33151296E8,7.26977024E8,1.036757952E9,1.121355392E9
1.12326736E8,6.675456E8,7.40745024E8,1.050417152E9,1.142919424E9
1.096852E8,6.27928704E8,7.3371104E8,1.025427776E9,1.118515968E9
1.08383464E8,6.99759424E8,7.3663296E8,1.037256512E9,1.141692032E9
1.2374552E8,5.28831232E8,7.2951264E8,1.054240704E9,1.123250176E9
1.42126208E8,5.34250464E8,7.36918848E8,1.036313472E9,1.141818368E9
7.804756E7,6.49635392E8,7.3344704E8,1.047956736E9,1.143731072E9
8.042012E7,4.72700096E8,7.38757888E8,1.04209792E9,1.12385984E9
1.0777836E8,6.6957376E8,7.30494336E8,1.046547712E9,1.142212736E9
1.22913536E8,6.09368256E8,7.1477152E8,1.045242624E9,1.14158016E9
1.05802192E8,5.43138816E8,8.33906624E8,1.051024768E9,1.13442368E9
7.804756E7,5.81065984E8,7.31486272E8,1.034147456E9,1.137591936E9
8.000704E7,6.4100512E8,7.26056576E8,1.033183808E9,1.143036672E9
7.44524E7,6.4290592E8,7.3166016E8,1.055183616E9,1.138434432E9
1.30064384E8,5.29336832E8,7.2880736E8,1.042250624E9,1.142628864E9
1.47953072E8,5.4582176E8,7.26280704E8,1.05039904E9,1.136177792E9
7.8676344E7,5.83200896E8,7.35787776E8,1.040858624E9,1.142398592E9
8.07096E7,4.39023712E8,7.38603584E8,1.05020896E9,1.142397696E9
1.1927196E8,6.6824256E8,7.32866688E8,1.041032512E9,1.13977856E9
1.60444112E8,6.39644352E8,7.41862976E8,1.053278208E9,1.142714624E9
7.1624E7,5.19613792E8,7.34571712E8,1.038064064E9,1.140966272E9
7.9865184E7,5.33600128E8,7.36357504E8,1.03653376E9,1.122308352E9
1.30761688E8,6.61785984E8,7.8094208E8,1.051993536E9,1.135325056E9
7.8520664E7,6.32198656E8,7.33859072E8,1.051986176E9,1.143893504E9
7.9196E7,5.29969792E8,7.36291456E8,1.050153408E9,1.14426368E9
1.11144456E8,5.64148992E8,7.32803712E8,1.03413408E9,1.123632128E9
7.9377048E7,6.73559424E8,7.37344192E8,1.051745408E9,1.14196416E9
1.37784704E8,6.2002528E8,7.3264352E8,1.031550528E9,1.142171136E9
7.772484E7,5.33838688E8,7.36799168E8,1.036215296E9,1.13790784E9
8.0301288E7,5.81862592E8,7.33348672E8,1.055654848E9,1.144502144E9
1.13255416E8,6.48327104E8,7.37385792E8,1.038518016E9,1.137545984E9
1.28526448E8,6.55171136E8,7.38695616E8,1.039786432E9,1.137070592E9
7.8912896E7,5.2101648E8,7.367568E8,1.048592E9,1.135414912E9
1.37885392E8,5.82640192E8,7.3828832E8,1.051507008E9,1.142944512E9
7.5920344E7,6.74837824E8,7.42151168E8,1.037448576E9,1.144595584E9
7.3477E7,6.34749376E8,7.37493696E8,1.047216384E9,1.143062272E9
1.22986104E8,5.2388592E8,7.33027008E8,1.040049152E9,1.134755456E9
1.2025156E8,5.82139904E8,7.32386944E8,1.037358656E9,1.143662464E9
7.826992E7,5.63441792E8,7.31641792E8,1.05237888E9,1.143759872E9
7.4351096E7,6.90762752E8,7.30700352E8,1.042259136E9,1.13822784E9
1.66805664E8,4.68986784E8,7.33194112E8,1.047511552E9,1.143951616E9
1.0889688E8,6.57014016E8,7.35553536E8,1.043180288E9,1.1442624E9
7.5760448E7,6.18020736E8,7.30618624E8,1.047509824E9,1.143940992E9
7.9132704E7,5.35360576E8,7.39307456E8,1.04098976E9,1.142588672E9
1.3774864E8,6.82858944E8,7.31799936E8,1.053641856E9,1.136622336E9
7.462408E7,6.00496896E8,7.2258496E8,1.056894336E9,1.123225216E9
7.7774408E7,5.24841408E8,7.43355392E8,1.034874432E9,1.143197952E9
1.4464872E8,5.29729408E8,7.33560512E8,1.054620736E9,1.13711488E9
7.7752032E7,6.86212224E8,7.06816768E8,1.035277952E9,1.144295424E9
7.967556E7,4.74411456E8,8.40112192E8,1.054790592E9,1.12407424E9
1.10829104E8,6.750656E8,7.32597376E8,1.056213248E9,1.142224384E9
1.2744048E8,6.82209664E8,7.30101888E8,1.05147072E9,1.143766784E9
7.8197696E7,6.48671424E8,7.27171904E8,1.04080992E9,1.143273984E9
7.9419912E7,5.28642496E8,7.32770176E8,1.051780032E9,1.12337024E9
1.27292856E8,6.77162624E8,7.26422464E8,1.038889344E9,1.14227392E9
7.6741848E7,4.77477952E8,7.33762368E8,1.054506432E9,1.11921152E9
8.042852E7,5.31975008E8,7.41721152E8,1.0547984E9,1.123164672E9
1.22411E8,3.35621856E8,7.37973312E8,1.035805696E9,1.142619392E9
1.28982328E8,5.48860608E8,7.3578944E8,1.053447232E9,1.141123968E9
7.6302672E7,6.78883776E8,7.383888E8,1.045787072E9,1.136305536E9
7.90164E7,6.59706752E8,7.32891008E8,1.048667136E9,1.140784768E9
1.27630784E8,6.19811456E8,7.35841088E8,1.040939392E9,1.145350912E9
7.8820216E7,5.69427456E8,7.30753728E8,1.051965888E9,1.144588672E9
7.7465936E7,7.38218496E8,7.36489664E8,1.025228224E9,1.142709376E9
1.45167376E8,5.743248E8,7.32611648E8,1.035497344E9,1.136697728E9
7.6283472E7,7.04640896E8,7.37233792E8,1.053628032E9,1.122892416E9
8.1878616E7,5.93139584E8,7.39114496E8,1.033730688E9,1.142395392E9
1.297E8,7.16438208E8,7.34922624E8,1.05555904E9,1.143620736E9
1.19155416E8,6.76750208E8,7.35133632E8,1.055321472E9,1.13788544E9
1.27692712E8,6.37054272E8,7.34599488E8,1.053702208E9,1.123484672E9
1.071134E8,6.83725632E8,7.34710016E8,1.038700864E9,1.141539456E9
7.965716E7,7.1975456E8,7.40498176E8,1.051382208E9,1.143712E9
7.3329376E7,5.71440832E8,7.32440576E8,1.037846528E9,1.144407296E9
1.65289248E8,6.86707072E8,7.84753216E8,1.05823168E9,1.134358144E9
1.08739384E8,6.632784E8,7.27833472E8,1.033470272E9,1.143294976E9
1.12127728E8,6.240128E8,7.34749632E8,1.0347712E9,1.144288512E9
1.2442144E8,5.20387808E8,7.33674048E8,1.047038656E9,1.1376992E9
7.9141472E7,5.36819072E8,7.30930688E8,1.045149632E9,1.139587968E9
7.9065136E7,6.23346688E8,7.35082944E8,1.049864896E9,1.144164736E9
1.28706744E8,4.96110176E8,7.38978816E8,1.0406064E9,1.143903488E9
1.28653768E8,5.31906048E8,7.33248704E8,1.051835328E9,1.143437312E9
1.27621024E8,4.628384E8,7.34625664E8,1.036040448E9,1.122942976E9
7.7559664E7,5.92050944E8,7.29645696E8,1.032261376E9,1.141822592E9
7.8579288E7,4.60684864E8,7.40293504E8,1.05313696E9,1.121684608E9
1.34607616E8,5.99082624E8,7.31950592E8,1.037354048E9,1.143756544E9
7.688404E7,5.85428672E8,7.40081152E8,1.052929024E9,1.141284096E9
7.6400032E7,5.10272416E8,7.052256E8,1.056017984E9,1.137089024E9
1.15360208E8,5.03241184E8,8.5561728E8,1.053261696E9,1.144395264E9
1.65281056E8,3.61454464E8,7.31650176E8,1.057212928E9,1.144156032E9
1.09233512E8,5.39390656E8,7.32092032E8,1.052380992E9,1.13869696E9
1.18161408E8,4.6474608E8,7.32982464E8,1.039727296E9,1.14260032E9
1.2383748E8,6.01659776E8,7.31520512E8,1.053000896E9,1.136577664E9
7.876124E7,5.21060608E8,7.3340832E8,1.05695328E9,1.144481024E9
1.68299168E8,5.01169888E8,7.3613056E8,1.035588288E9,1.13886272E9
7.4352208E7,5.67034048E8,7.34935232E8,1.05507616E9,1.12327744E9
1.26513416E8,5.107024E8,7.38972864E8,1.036401152E9,1.119983744E9
1.20287728E8,6.17724864E8,7.33966016E8,1.047601152E9,1.120408192E9
1.00752616E8,5.14322272E8,7.3906752E8,1.042162816E9,1.119980032E9
8.20634E7,6.74126976E8,7.34134336E8,1.04986656E9,1.140884608E9
1.2842576E8,4.77674656E8,7.78845568E8,1.041592064E9,1.123826944E9
1.54464E8,5.03054496E8,7.35532416E8,1.049902336E9,1.141851264E9
7.6693E7,3.68704352E8,7.8237024E8,1.040548928E9,1.143510528E9
7.9271336E7,5.12700576E8,7.32491712E8,1.033921088E9,1.144557056E9
1.57940448E8,5.01072608E8,7.789584E8,1.055844224E9,1.137750272E9
1.55860352E8,5.69871616E8,7.319296E8,1.03782464E9,1.141553792E9
7.560808E7,5.6042816E8,7.85832384E8,1.04218272E9,1.14208256E9
1.16280424E8,5.05209984E8,7.31472896E8,1.047491904E9,1.141274368E9
1.28884248E8,3.76853664E8,7.76813056E8,1.052266816E9,1.13931264E9
8.0693968E7,5.35534368E8,7.24362112E8,1.02536256E9,1.143280384E9
7.3712608E7,4.95808832E8,7.3852512E8,1.05437312E9,1.1382784E9
1.43715328E8,5.76846784E8,7.23643776E8,1.055728832E9,1.143109248E9
7.7000664E7,5.23959712E8,7.35699008E8,1.036519488E9,1.142269056E9
7.8387104E7,5.66538112E8,7.28855552E8,1.05478976E9,1.137912064E9
1.61116208E8,5.07760832E8,7.30942336E8,1.05031328E9,1.138956032E9
7.6363856E7,4.5966048E8,7.3037184E8,1.044844224E9,1.140103424E9
8.2269312E7,3.65155072E8,7.29311488E8,1.047018432E9,1.137981312E9
7.8983328E7,5.1225568E8,7.43449472E8,1.050194368E9,1.14436928E9
1.36269488E8,5.05613888E8,7.10526144E8,1.041234496E9,1.123832192E9
7.9613392E7,3.68567648E8,7.79507712E8,1.052473152E9,1.141239296E9
8.0664672E7,5.75556096E8,7.4581472E8,1.025913984E9,1.123441792E9
8.1225528E7,5.06713952E8,7.42716992E8,1.051834048E9,1.14232256E9
1.06557552E8,3.73597856E8,7.49519808E8,1.056893888E9,1.143532928E9
1.1839784E8,5.36110368E8,7.27505856E8,1.044336576E9,1.144089216E9
7.3637704E7,5.00818528E8,7.37337408E8,1.04177984E9,1.120930304E9
7.7986696E7,5.91604416E8,7.29821312E8,1.047694592E9,1.121914752E9
1.71332624E8,4.85436896E8,7.36965504E8,1.050364992E9,1.142625536E9
1.55845776E8,4.9929632E8,7.28181312E8,1.033071552E9,1.139145344E9
1.03536816E8,3.73149088E8,7.27221504E8,1.054123008E9,1.121994496E9
1.39109136E8,5.37372544E8,7.38687936E8,1.054920512E9,1.12022976E9
1.03893952E8,5.61330624E8,7.3991008E8,1.034643136E9,1.141405568E9
1.05104944E8,5.30683456E8,7.32277952E8,1.055924864E9,1.145074176E9
7.7465936E7,6.06299456E8,7.35819904E8,1.041935808E9,1.12292928E9
7.8579288E7,5.98580608E8,7.3489472E8,1.043637888E9,1.141389696E9
1.099034E8,4.88812288E8,7.35682048E8,1.04826912E9,1.143978496E9
1.36711008E8,5.88665984E8,7.41822592E8,1.049672448E9,1.143457152E9
7.6012104E7,4.73864864E8,7.3770112E8,1.041117696E9,1.139102208E9
7.8433216E7,5.05395072E8,7.31861824E8,1.053081472E9,1.144117888E9
1.19490016E8,5.56512064E8,7.8141408E8,1.026361408E9,1.117891456E9
1.03558264E8,5.36498656E8,7.33250368E8,1.032339264E9,1.14364416E9
1.39801472E8,5.07316448E8,7.8479072E8,1.049612672E9,1.138523264E9
7.8756904E7,3.6401856E8,7.25998912E8,1.045732864E9,1.144083072E9
7.8303016E7,5.33431136E8,7.89805568E8,1.053529152E9,1.140446848E9
7.3505088E7,4.82014848E8,7.29957824E8,1.040285824E9,1.144177664E9
1.46378592E8,5.77844672E8,7.72469184E8,1.05215872E9,1.139741568E9
1.48650256E8,5.28639008E8,7.27368576E8,1.02678592E9,1.140550144E9
1.02754856E8,5.0457904E8,7.38103552E8,1.033683904E9,1.141958528E9
7.8851912E7,3.5107968E8,7.31065984E8,1.05386048E9,1.12195648E9
1.6717376E8,6.02350656E8,7.31726272E8,1.04330784E9,1.134821248E9
1.61927584E8,5.2259232E8,7.32848192E8,1.043912448E9,1.138875264E9
7.5881168E7,3.67945504E8,7.32416256E8,1.046953408E9,1.14396672E9
1.18766256E8,5.27120352E8,7.39145216E8,1.049145472E9,1.14472E9
1.14481968E8,5.02417888E8,7.14152576E8,1.042117056E9,1.14400064E9
1.2492504E8,3.77070368E8,7.48487232E8,1.05333408E9,1.143736832E9
7.7933816E7,5.27645312E8,7.29466944E8,1.056706304E9,1.1362976E9
7.6272416E7,5.06066464E8,7.17090816E8,1.039020864E9,1.144699648E9
1.17944E8,3.69767776E8,7.81200384E8,1.053174208E9,1.138365568E9
1.4646864E8,5.46427584E8,7.38823552E8,1.034751936E9,1.144763648E9
7.829872E7,5.05845696E8,7.5037664E8,1.054577664E9,1.144482048E9
8.1900752E7,5.86781248E8,7.2968064E8,1.057788736E9,1.143509888E9
1.65867744E8,5.20262592E8,7.24450688E8,1.05224E9,1.12429952E9
7.3218768E7,5.003768E8,7.28124928E8,1.057569792E9,1.139309312E9
1.19600056E8,5.83960768E8,7.31691136E8,1.050705152E9,1.137812352E9
7.7781064E7,5.18480608E8,7.3175552E8,1.034682048E9,1.142963072E9
7.9809096E7,5.35873376E8,7.30338496E8,1.052573568E9,1.139107072E9
7.6352776E7,3.68172416E8,7.29705664E8,1.05555904E9,1.143298944E9
6.4431332E7,5.6329696E8,7.3750048E8,1.0371296E9,1.13815296E9
7.7604808E7,4.96091712E8,7.32547904E8,1.05488928E9,1.143391744E9
8.8815472E7,5.58969536E8,7.34786752E8,1.04329088E9,1.143659136E9
6.7718104E7,5.558528E8,7.30659456E8,1.053208384E9,1.141792768E9
9.9971008E7,4.83626208E8,7.87820288E8,1.057575872E9,1.142345984E9
7.637552E7,6.66438912E8,7.27339648E8,1.050450368E9,1.135915776E9
9.1883896E7,4.66598816E8,7.82334848E8,1.041293824E9,1.121690624E9
7.320108E7,5.02858432E8,7.3249504E8,1.050339136E9,1.140773632E9
8.4518704E7,5.80652608E8,7.81810176E8,1.033730304E9,1.1436448E9
8.1133264E7,4.96659936E8,7.31497088E8,1.052179904E9,1.136176768E9
8.8655624E7,5.06720384E8,7.857408E8,1.056462144E9,1.141987456E9
7.6930768E7,3.52938304E8,7.28517824E8,1.038971136E9,1.143973888E9
8.9375888E7,5.5855392E8,7.79072128E8,1.045676928E9,1.134499584E9
7.6274744E7,5.05530848E8,7.34468864E8,1.038209408E9,1.14247552E9
9.263548E7,5.82040384E8,7.71917632E8,1.049294656E9,1.13841984E9
8.3229992E7,5.11829696E8,7.30315968E8,1.027342592E9,1.12183872E9
6.6504836E7,4.81376736E8,7.33319296E8,1.052437312E9,1.135017856E9
6.1469236E7,5.31056864E8,7.31727104E8,1.05594528E9,1.123893504E9
1.01213552E8,5.28017952E8,7.3494112E8,1.055726656E9,1.119372032E9
7.630908E7,5.0133792E8,7.29808E8,1.055044928E9,1.135118848E9
1.15332264E8,5.7079456E8,7.4241888E8,1.035397248E9,1.123867008E9
7.9191616E7,5.17099872E8,7.33457088E8,1.055952256E9,1.142347392E9
8.8578664E7,5.06047232E8,7.10436992E8,1.043635776E9,1.143117824E9
1.17130304E8,3.70814112E8,8.50864704E8,1.04465536E9,1.144343936E9
7.4452952E7,5.39889344E8,7.30944064E8,1.04842752E9,1.143568128E9
1.10672112E8,5.06603232E8,7.27767296E8,1.0464848E9,1.144648064E9
7.7627696E7,5.6020448E8,7.30218496E8,1.03506144E9,1.123044352E9
1.04655056E8,5.30856E8,7.29315648E8,1.05302944E9,1.142980608E9
1.05742888E8,4.94682176E8,7.39581696E8,1.055566464E9,1.1378688E9
1.17935656E8,3.65758592E8,7.3148544E8,1.036532096E9,1.143652864E9
1.68404032E8,5.29237024E8,7.82943552E8,1.055148352E9,1.144713856E9
1.49349584E8,5.9795648E8,7.30166848E8,1.04278848E9,1.144038528E9
5.2772956E7,4.9046656E8,7.3595616E8,1.006477952E9,1.142967936E9
7.681612E7,6.12315968E8,7.37285568E8,1.010743488E9,1.134937216E9
1.04020392E8,4.9037184E8,7.32687936E8,1.036556352E9,1.121842304E9
9.9741664E7,5.85885248E8,7.42071168E8,1.055727104E9,1.142559744E9
1.01030512E8,5.0634992E8,7.35164032E8,1.03574496E9,1.124234112E9
1.0606816E8,6.05879296E8,7.34500864E8,1.053575552E9,1.120262528E9
1.70120096E8,4.96207136E8,7.37396864E8,1.057488128E9,1.12422784E9
1.00969304E8,6.10910848E8,7.3735264E8,1.05276704E9,1.141654528E9
9.6094712E7,4.75810944E8,7.93081344E8,1.03405344E9,1.137612544E9
6.8229576E7,6.0190656E8,7.27048768E8,1.049590208E9,1.144344704E9
1.05275344E8,4.77295648E8,7.88119104E8,1.040559488E9,1.144381184E9
7.2514736E7,5.053392E8,7.29852032E8,1.056917888E9,1.144264064E9
1.07328376E8,5.86136384E8,7.3599424E8,1.053864384E9,1.12391552E9
1.2392956E8,4.96966944E8,7.32734912E8,1.036612672E9,1.14107264E9
7.2121448E7,5.05949632E8,7.37667072E8,1.0538128E9,1.143787776E9
1.78514048E8,3.59274432E8,7.31491264E8,1.046268352E9,1.144906752E9
1.61162944E8,5.41237184E8,7.37426624E8,1.05031456E9,1.137990528E9
1.74614544E8,5.03603904E8,7.26915904E8,1.026234752E9,1.144472448E9
1.02286088E8,5.6585888E8,7.37740224E8,1.050905664E9,1.124007552E9
9.9350256E7,5.29438432E8,7.3372448E8,1.028144256E9,1.141499776E9
9.7252616E7,5.65672832E8,7.30178496E8,1.052432064E9,1.14407872E9
1.0331112E8,4.74783072E8,7.3602304E8,1.055399808E9,1.143170176E9
1.00703912E8,6.18534336E8,7.4066272E8,1.03402176E9,1.138615552E9
9.9381848E7,4.65170336E8,7.10825984E8,1.0487552E9,1.109235456E9
1.08206368E8,5.05292928E8,6.9417248E8,1.041702208E9,1.12803712E9
1.0262936E8,3.66448832E8,7.91115712E8,1.050268928E9,1.138369152E9
1.07858576E8,5.24681312E8,7.40693568E8,1.033784128E9,1.142146944E9
1.08194664E8,4.98482752E8,7.41344768E8,1.051058432E9,1.136747648E9
1.00148216E8,5.81892224E8,7.44025984E8,1.03356832E9,1.13912768E9
1.01832992E8,5.26568672E8,7.4556448E8,1.054288832E9,1.143163008E9
9.7683912E7,5.05888864E8,7.27123968E8,1.054180736E9,1.138595328E9
1.0877724E8,3.66147808E8,7.30964928E8,1.03547392E9,1.14298816E9
9.8507616E7,5.6092128E8,7.2861984E8,1.04531008E9,1.142750464E9
1.02611456E8,5.01844288E8,7.27847552E8,1.049044032E9,1.138278656E9
1.00342168E8,5.9705952E8,7.29942016E8,1.049813184E9,1.143197824E9
9.898344E7,5.05332832E8,7.29122048E8,1.027590784E9,1.137910272E9
5.9710044E7,4.58409376E8,7.32377728E8,1.052297984E9,1.144356736E9
1.050674E8,6.8975328E8,7.38324096E8,1.056144832E9,1.144385792E9
7.6711824E7,4.69524864E8,7.35759872E8,1.034514048E9,1.14073984E9
9.3766408E7,6.16017216E8,7.28488832E8,1.055444224E9,1.141599232E9
1.17165984E8,6.41123264E8,7.3661184E8,1.03362304E9,1.138393856E9
1.09718896E8,4.76512416E8,7.4003072E8,1.020142592E9,1.144144512E9
1.19253472E8,5.06974048E8,7.38198016E8,1.027703808E9,1.143420416E9
1.08685016E8,3.62094976E8,7.35286528E8,1.05379104E9,1.137379072E9
1.19290464E8,5.6676288E8,7.392144E8,1.055716672E9,1.12302976E9
1.08950256E8,5.03117728E8,7.39587648E8,1.058163456E9,1.142674048E9
7.351536E7,5.9810848E8,7.33584896E8,1.052623296E9,1.14358464E9
1.2053276E8,5.03691136E8,7.36374464E8,1.035890688E9,1.122888704E9
1.19604344E8,4.81536096E8,7.40573568E8,1.055866432E9,1.141990784E9
8.9539944E7,6.5084832E8,7.33694208E8,1.049906624E9,1.142806144E9
7.6365608E7,4.72578656E8,7.81558144E8,1.045512E9,1.138105856E9
1.1980352E8,5.07139552E8,7.2751328E8,1.042954688E9,1.14339072E9
1.19530008E8,3.67273184E8,7.79490624E8,1.04954336E9,1.138430848E9
1.11071616E8,5.21310208E8,7.32677888E8,1.035953152E9,1.144730624E9
7.4907488E7,5.04840128E8,7.7390304E8,1.05246144E9,1.143659648E9
1.1130032E8,3.6960976E8,7.32316544E8,1.055294976E9,1.144558848E9
7.3770248E7,5.50232768E8,7.3635072E8,1.03820512E9,1.143222016E9
1.1082788E8,5.03670464E8,7.34747968E8,1.052973632E9,1.135255296E9
7.562008E7,3.68278336E8,7.33626048E8,1.041744704E9,1.143543936E9
1.4657384E8,5.24002592E8,7.31101888E8,1.043547328E9,1.14287616E9
7.9020152E7,5.06946752E8,7.32404544E8,1.047876992E9,1.137104768E9
7.5820184E7,3.64933536E8,7.36412608E8,1.050249024E9,1.124004608E9
1.19642984E8,5.61963456E8,7.41022016E8,1.040592896E9,1.141947392E9
1.2048628E8,4.8650112E8,7.30853056E8,1.053574208E9,1.142838144E9
1.2249048E8,5.87108544E8,7.139136E8,1.05735968E9,1.123963136E9
1.08751216E8,5.28284672E8,8.45678208E8,1.034455872E9,1.142545024E9
1.1683608E8,4.82567264E8,7.34859264E8,1.05562304E9,1.142293632E9
7.8529304E7,7.1565632E8,7.27854208E8,1.053667456E9,1.14281728E9
1.20659272E8,4.60014656E8,7.28537728E8,1.042774528E9,1.141137152E9
1.50668224E8,5.03084544E8,7.30893952E8,1.050875072E9,1.135936384E9
7.6135368E7,5.8826336E8,7.29701504E8,1.050547776E9,1.12324288E9
1.1402248E8,4.91156096E8,7.79148992E8,1.02708832E9,1.1421056E9
7.238404E7,5.06691488E8,7.34308672E8,1.048673984E9,1.144130304E9
1.0156408E8,3.51564128E8,7.35291584E8,1.0344416E9,1.144380544E9
1.11796792E8,5.56486912E8,7.38126528E8,1.033068288E9,1.142846336E9
8.008136E7,5.04356352E8,7.39386048E8,1.055301056E9,1.135037952E9
1.20692768E8,5.83668928E8,7.38026944E8,1.04205088E9,1.14449408E9
1.0914528E8,5.09411392E8,7.35933312E8,1.025669312E9,1.129803264E9
9.3079536E7,4.97481504E8,7.33902016E8,1.063610496E9,1.136406144E9
7.6728896E7,3.6834784E8,7.34654272E8,1.051690176E9,1.138535552E9
1.19512864E8,4.77971488E8,7.38589056E8,1.04041856E9,1.143775744E9
1.20967248E8,4.99403872E8,7.40137664E8,1.054139136E9,1.143836928E9
1.0615148E8,5.91379136E8,7.36002752E8,1.057271872E9,1.123160832E9
7.6020768E7,5.1085728E8,7.37234624E8,1.0528272E9,1.14151616E9
1.20824016E8,5.03106688E8,7.35852928E8,1.056862016E9,1.123372544E9
1.20416648E8,3.56340288E8,7.36088192E8,1.035364096E9,1.140578176E9
1.10805776E8,5.50295296E8,7.40763072E8,1.047890176E9,1.133095552E9
7.3521296E7,5.80945728E8,7.34491584E8,1.042060096E9,1.14287296E9
1.1631964E8,5.11754336E8,7.41035776E8,1.04976544E9,1.121987456E9
1.22455976E8,6.02949952E8,7.34981696E8,1.028752832E9,1.135981568E9
1.11537424E8,5.2760704E8,7.34165504E8,1.048947328E9,1.140539776E9
1.21424064E8,5.77346368E8,7.3205856E8,1.025356352E9,1.138528384E9
