<?xml version="1.0" encoding="UTF-8"?><!--
        *** GENERATED FROM jax-ws.xml - DO NOT EDIT !                             ***
        *** TO MODIFY wsimport options USE Web Service node -> Edit WS Attributes ***
        *** TO CHANGE TARGETS GENERATED TO jaxws-build.xml COPY THOSE             ***
        *** TARGETS TO ../build.xml AND MODIFY THAT FILE INSTEAD                  ***

        --><project xmlns:xalan="http://xml.apache.org/xslt" xmlns:j2seproject3="http://www.netbeans.org/ns/j2se-project/3" xmlns:jaxws="http://www.netbeans.org/ns/jax-ws/1">
    <!--
                ===================
                JAX-WS WSIMPORT SECTION
                ===================
            -->
    <target name="wsimport-init" depends="init">
        <mkdir dir="${build.generated.sources.dir}/jax-ws"/>
        <taskdef name="wsimport" classname="com.sun.tools.ws.ant.WsImport">
            <classpath path="${libs.jaxws21.classpath}"/>
        </taskdef>
    </target>
    <target name="wsimport-client-Service" depends="wsimport-init">
        <mkdir dir="${build.generated.dir}/jax-wsCache/Service"/>
        <property name="wsdl-Service" location="xml-resources/web-service-references/Service/wsdl/vhost3.cs.rit.edu/SortServ/Service.svc.singlewsdl.wsdl"/>
        <wsimport sourcedestdir="${build.generated.dir}/jax-wsCache/Service" destdir="${build.generated.dir}/jax-wsCache/Service" wsdl="${wsdl-Service}" catalog="catalog.xml" encoding="${source.encoding}" extension="true" verbose="true" fork="false" wsdlLocation="http://vhost3.cs.rit.edu/SortServ/Service.svc?singleWsdl" xnocompile="true" xendorsed="true">
            <depends file="${wsdl-Service}"/>
            <produces dir="${build.generated.dir}/jax-wsCache/Service"/>
        </wsimport>
        <copy todir="${build.generated.sources.dir}/jax-ws">
            <fileset dir="${build.generated.dir}/jax-wsCache/Service">
                <include name="**/*.java"/>
            </fileset>
        </copy>
    </target>
    <target name="wsimport-client-clean-Service" depends="-init-project">
        <delete dir="${build.generated.dir}/jax-wsCache/Service"/>
        <delete dir="${build.generated.sources.dir}/jax-ws/org/tempuri"/>
    </target>
    <target name="wsimport-client-Weather" depends="wsimport-init">
        <mkdir dir="${build.generated.dir}/jax-wsCache/Weather"/>
        <property name="wsdl-Weather" location="xml-resources/web-service-references/Weather/wsdl/wsf.cdyne.com/WeatherWS/Weather.asmx.wsdl"/>
        <wsimport sourcedestdir="${build.generated.dir}/jax-wsCache/Weather" destdir="${build.generated.dir}/jax-wsCache/Weather" wsdl="${wsdl-Weather}" catalog="catalog.xml" encoding="${source.encoding}" extension="true" verbose="true" fork="false" wsdlLocation="http://wsf.cdyne.com/WeatherWS/Weather.asmx?WSDL" xnocompile="true" xendorsed="true">
            <depends file="${wsdl-Weather}"/>
            <produces dir="${build.generated.dir}/jax-wsCache/Weather"/>
        </wsimport>
        <copy todir="${build.generated.sources.dir}/jax-ws">
            <fileset dir="${build.generated.dir}/jax-wsCache/Weather">
                <include name="**/*.java"/>
            </fileset>
        </copy>
    </target>
    <target name="wsimport-client-clean-Weather" depends="-init-project">
        <delete dir="${build.generated.dir}/jax-wsCache/Weather"/>
        <delete dir="${build.generated.sources.dir}/jax-ws/com/cdyne/ws/weatherws"/>
    </target>
    <target name="wsimport-client-generate" depends="wsimport-client-Service, wsimport-client-Weather"/>
</project>
